Name + ID,Name,Salary,AvgPointsPerGame,401465537,401465532,401465531,401465520,401465519,401465534,401465530,401465518,401465516,401465514,401465506,401465505,401465509,401465527,401465515,401465502,401465524,401465512,Odds
Mackenzie Hughes (28895970),mackenzie hughes,6000,0.0,0.248120687879724,0.19054175396587847,0.2224021592442645,0.6792572944297083,0.1562946740882684,0.0,0.0,0.0,0.0,0.0,0.0,0.0,0.0,0.0,0,0.0,0.0,0.0,0.16666666666666666
Taylor Montgomery (28895968),taylor montgomery,6100,0.0,0.22371537431778393,0.0,0.5256778309409889,0.5283112290008842,0.1999117924384828,0.0,0.0,0.0,0.0,0.0,0.0,0.0,0.2782905982905983,0.0,0,0.0,0.0,0.0,0.16666666666666666
Brandon Wu (28895965),brandon wu,6200,0.0,0.1830398517145505,0.6845388938774153,0.24262053735737948,0.5786265841438255,0.0,0.21721069980455646,0.0,0.0,0.0,0.0,0.0,0.0,0.0,0.0,0,0.0,0.0,0.0,0.16666666666666666
Davis Riley (28895964),davis riley,6200,0.0,0.5979301822675317,0.0,0.5256778309409889,0.18868258178603006,0.0,0.5780607333508357,0.24329159212880141,0.0,0.0,0.0,0.0,0.0,0.0,0.0,0,0.0,0.0,0.0,0.4166666666666667
Hayden Buckley (28895967),hayden buckley,6100,0.0,0.0,0.0,0.12131026867868974,0.0,0.4398059433646622,0.26625827717977885,0.26237328562909956,0.0,0.0,0.0,0.0,0.0,0.887051282051282,0.0,0,0.0,0.0,0.0,0.4166666666666667
Ben Griffin (28895966),ben griffin,6100,0.0,0.5694573164452682,0.0,0.21734756471598576,0.20126142057176538,0.0,0.26625827717977885,0.5724508050089445,0.0,0.0,0.0,0.0,0.0,0.0,0.0,0,0.0,0.0,0.0,0.4166666666666667
Matt Kuchar (28895953),matt kuchar,6600,0.0,0.0,0.557511057900163,0.540841614525825,0.5000088417329797,0.5125011406150196,0.15765292727750066,0.0,0.0,0.0,0.0,0.0,0.0,0.0,0.0,0,0.0,0.0,0.0,0.8333333333333334
Vincent Norrman (28895950),vincent norrman,6700,0.0,0.0,0.16937044796966977,0.0,0.7861774241084585,0.0,0.22421749657244536,0.47704233750745373,0.0,0.0,0.0,0.0,0.0,0.0,0.0,0,0.0,0.0,0.0,0.8333333333333334
Kurt Kitayama (28895959),kurt kitayama,6400,0.0,0.508444032540418,0.0,0.16174702490491963,0.0,0.18173799312589348,0.26625827717977885,0.5581395348837209,0.0,0.0,0.0,0.0,0.0,0.0,0.0,0,0.0,0.0,0.0,0.8333333333333334
Mark Hubbard (28895951),mark hubbard,6600,0.0,0.0,0.6774817918786791,0.6014967488651699,0.0,0.4870578215773945,0.2802718707155567,0.7346451997614787,0.0,0.0,0.0,0.0,0.0,0.0,0.0,0,0.0,0.0,0.0,0.8333333333333334
Sam Ryder (28895969),sam ryder,6000,0.0,0.20744516527649057,0.0,0.48524107471475897,0.0,0.11994707546308969,0.21721069980455646,0.20989862850327964,0.0,0.0,0.0,0.0,0.0,0.0,0.0,0,0.0,0.0,0.0,0.8333333333333334
Nick Taylor (28895963),nick taylor,6200,0.0,0.589795077746885,0.9068376068376068,0.0,0.0,0.0,0.0,0.18127608825283242,0.0,0.0,0.0,0.0,0.0,0.6348504273504273,0.0,0,0.5702863758640652,0.0,0.0,0.8333333333333334
Sam Stevens (28895961),sam stevens,6300,0.0,0.0,0.0,0.4397497239602503,0.6006395520188623,0.41436262432703713,0.2347276917242787,0.6010733452593917,0.0,0.0,0.0,0.0,0.0,0.0,0.0,0,0.0,0.0,0.0,0.8333333333333334
Patrick Rodgers (28895955),patrick rodgers,6500,0.0,0.2115127175368139,0.0,0.6773156667893511,0.0,0.12721659518812542,0.2277208949563898,0.4531902206320811,0.0,0.0,0.0,0.0,0.0,0.0,0.0,0,0.0,0.0,0.0,1.5
Nick Hardy (28895956),nick hardy,6500,0.0,0.0,0.0,0.2224021592442645,0.0,0.3307631474891261,0.595577725270558,0.5104353011329755,0.0,0.0,0.0,0.0,0.0,0.22611111111111112,0.0,0,0.0,0.0,0.0,1.5
Adam Schenk (28895957),adam schenk,6400,0.0,0.0,0.0,0.8491718807508281,0.22641909814323607,0.22172035161359002,0.24173448849216767,0.8395945140131186,0.0,0.0,0.0,0.0,0.0,0.0,0.0,0,0.0,0.0,0.0,1.5
Alex Smalley (28895947),alex smalley,6800,0.0,0.22371537431778393,0.5186969969071136,0.14152864679180469,0.0,0.0,0.7427204573962253,0.5247465712581991,0.0,0.0,0.0,0.0,0.0,0.0,0.0,0,0.0,0.0,0.0,1.5
Chris Kirk (28895946),chris kirk,6800,0.0,0.0,0.0,0.2224021592442645,0.0,0.42163214405207283,0.0,0.17173524150268335,0.0,0.0,0.0,0.0,0.0,0.6305021367521367,0.0,0,0.6697994347396738,0.0,0.0,1.5
Tom Hoge (28895960),tom hoge,6300,0.0,0.6060652867881783,0.0,0.39425837320574164,0.5943501326259947,0.0,0.5114961640558909,0.5199761478831246,0.0,0.0,0.0,0.0,0.0,0.0,0.0,0,0.0,0.0,0.0,1.5
Adam Hadwin (28895944),adam hadwin,6900,0.0,0.0,0.5786823638963716,0.2982210771684456,0.5251665193044504,0.1999117924384828,0.0,0.0,0.0,0.0,0.0,0.0,0.0,0.18697649572649575,0.0,0,0.0,0.0,0.0,1.5
Eric Cole (28895942),eric cole,6900,0.0,0.5125115848007413,0.7409957098673052,0.7379708011286958,0.0,0.0,0.6411219042618359,0.2146690518783542,0.0,0.0,0.0,0.0,0.0,0.0,0.0,0,0.0,0.0,0.0,1.5
Beau Hossler (28895949),beau hossler,6700,0.0,0.0,0.0,0.5913875598086125,0.0,0.39255406515192987,0.2802718707155567,0.33392963625521765,0.0,0.0,0.0,0.0,0.0,0.0,0.0,0,0.0,0.0,0.0,1.5
Seamus Power (28895962),seamus power,6300,0.0,0.0,0.0,0.5206232364127101,0.0,0.0,0.24523788687611212,0.0,0.5484615384615386,0.0,0.0,0.0,0.0,0.0,0.0,0,0.0,0.3922958761668439,0.6613924050632912,2.0
J.J. Spaun (28895952),j.j. spaun,6600,0.0,0.0,0.0,0.6065513433934486,0.0,0.49069258143991235,0.20670050465272305,0.40548598688133564,0.0,0.0,0.0,0.0,0.0,0.2304594017094017,0.0,0,0.0,0.0,0.0,2.0
Adam Svensson (28895948),adam svensson,6700,0.0,0.0,0.16937044796966977,0.17691080848975588,0.0,0.5851963378653771,0.21370730142061198,0.0,0.0,0.0,0.0,0.0,0.0,0.6044123931623933,0.0,0,0.0,0.0,0.0,2.0
Harris English (28895939),harris english,7000,0.0,0.0,0.0,0.48524107471475897,0.0,0.719682452778538,0.4414281963770018,0.7107930828861061,0.0,0.0,0.0,0.0,0.0,0.48700854700854707,0.0,0,0.0,0.0,0.0,2.541666666666667
Taylor Moore (28895940),taylor moore,7000,0.0,0.0,0.0,0.0,0.0,0.5015968610274659,0.19268691111694522,0.20512820512820512,0.0,0.0,0.0,0.0,0.0,0.7305128205128205,0.9393162393162393,0,0.0,0.0,0.0,2.541666666666667
Stephan Jaeger (28895933),stephan jaeger,7300,0.0,0.0,0.0,0.6823702613176298,0.663533745947539,0.45797974267725156,0.47646218021644643,0.4818127608825283,0.0,0.0,0.0,0.0,0.0,0.0,0.0,0,0.0,0.0,0.0,2.541666666666667
Lee Hodges (28895954),lee hodges,6500,0.0,0.6752136752136751,0.5081113439090092,0.6570972886762361,0.0,0.0,0.26625827717977885,0.6249254621347644,0.0,0.0,0.0,0.0,0.0,0.0,0.0,0,0.0,0.0,0.0,2.541666666666667
Aaron Rai (28895941),aaron rai,7000,0.0,0.21558026979713726,0.82568093385214,0.1566924303766409,0.0,0.0,0.6761558881012806,0.6487775790101371,0.0,0.0,0.0,0.0,0.0,0.0,0.0,0,0.0,0.0,0.0,2.541666666666667
Brendon Todd (28895945),brendon todd,6800,0.0,0.0,0.497525690910905,0.0,0.0,0.6433524956656629,0.2347276917242787,0.443649373881932,0.0,0.0,0.0,0.0,0.0,0.6131089743589744,0.0,0,0.0,0.0,0.0,2.541666666666667
Sahith Theegala (28895927),sahith theegala,7600,0.0,0.23185047883843063,0.49399713991153676,0.5913875598086125,0.0,0.4398059433646622,0.5185029608237799,0.0,0.0,0.0,0.0,0.0,0.0,0.0,0.0,0,0.0,0.0,0.0,2.541666666666667
Keith Mitchell (28895938),keith mitchell,7100,0.0,0.21558026979713726,0.18348465196714225,0.5458962090541039,0.0,0.4398059433646622,0.0,0.0,0.0,0.0,0.0,0.0,0.0,0.23480769230769233,0.0,0,0.0,0.0,0.0,2.541666666666667
Thomas Detry (28895943),thomas detry,6900,0.0,0.5613222119246215,0.0,0.6318243160348423,0.0,0.0,0.24173448849216767,0.5963029218843172,0.0,0.0,0.0,0.0,0.0,0.22611111111111112,0.0,0,0.0,0.0,0.0,2.541666666666667
Andrew Putnam (28895958),andrew putnam,6400,0.0,0.5328493461023581,0.0,0.7784075573549257,0.0,0.0,0.5360199527435022,0.5485986881335717,0.0,0.0,0.0,0.0,0.0,0.0,0.0,0,0.0,0.0,0.0,2.541666666666667
Justin Rose (28895936),justin rose,7200,0.0,0.20744516527649057,0.6774817918786791,0.0,0.0,0.0,0.0,0.6344663088849135,0.0,0.0,0.0,0.0,0.0,0.704423076923077,0.526380114785912,0,0.0,0.0,0.0,3.125
Keegan Bradley (28895925),keegan bradley,7700,0.0,0.0,0.0,0.6672064777327935,0.0,0.4834230617148766,1.0264957264957264,0.0,0.0,0.0,0.0,0.0,0.0,0.6391987179487181,0.0,0,0.0,0.8091102445941156,0.0,3.125
Cameron Davis (28895935),cameron davis,7200,0.0,0.25218824014004737,0.0,0.25272972641393693,0.0,0.39618882501444774,0.5220063592077243,0.25760286225402507,0.0,0.0,0.0,0.0,0.0,0.0,0.0,0,0.0,0.0,0.0,3.125
Emiliano Grillo (28895937),emiliano grillo,7100,0.0,0.0,0.0,0.5054594528278739,0.0,0.47978830185235877,0.6761558881012806,1.0256410256410255,0.0,0.0,0.0,0.0,0.0,0.0,0.0,0,0.0,0.0,0.0,3.125
Si Woo Kim (28895932),si woo kim,7400,0.0,0.0,0.0,0.909827015090173,0.8050456822870615,0.4543449828147337,0.19969370788483415,0.6010733452593917,0.0,0.0,0.0,0.0,0.0,0.0,0.0,0,0.0,0.0,0.0,3.5
Byeong Hun An (28895930),byeong hun an,7500,0.0,0.8013077952836988,0.0,0.5863329652803337,0.6352313586796344,0.0,0.25574808202794547,0.6058437686344662,0.0,0.0,0.0,0.0,0.0,0.0,0.0,0,0.0,0.0,0.0,3.5
Lucas Glover (28895931),lucas glover,7400,0.0,0.0,0.5716252618976354,0.21734756471598576,0.41510167992926617,0.19627703257596493,0.17166652081327846,0.0,0.0,0.0,0.0,0.0,0.0,0.0,0.0,0,0.0,0.0,0.0,3.5
Denny McCarthy (28895929),denny mccarthy,7500,0.0,0.0,0.0,0.9603729603729604,0.0,0.6978738936034309,0.7952714331553921,0.22420989862850327,0.0,0.0,0.0,0.0,0.0,0.6348504273504273,0.0,0,0.0,0.0,0.0,3.5
Corey Conners (28895928),corey conners,7600,0.0,0.6711461229533519,0.5398683029033223,0.24262053735737948,0.0,0.6070048970404841,0.7777544412356697,0.0,0.0,0.0,0.0,0.0,0.0,0.0,0.0,0,0.0,0.0,0.0,3.5
J.T. Poston (28895934),j.t. poston,7300,0.0,0.6955514365152919,0.0,0.56105999263894,0.0,0.1781032332633756,0.25224468364400104,0.16219439475253428,0.0,0.0,0.0,0.0,0.0,0.0,0.0,0,0.0,0.0,0.0,3.875
Sepp Straka (28895926),sepp straka,7700,0.0,0.0,0.0,0.6469880996196785,0.0,0.18173799312589348,0.6236049123421137,0.6153846153846153,0.0,0.0,0.0,0.0,0.0,0.20002136752136754,0.0,0,0.0,0.0,0.0,3.875
Russell Henley (28895924),russell henley,7800,0.0,0.0,0.0,0.7025886394307448,0.0,0.0,0.6901694816370584,0.5676803816338699,0.0,0.0,0.0,0.0,0.0,0.6522435897435898,0.0,0,0.0,0.5197920359210682,0.0,3.875
Brian Harman (28895919),brian harman,8300,0.0,0.6060652867881783,0.0,0.19712918660287082,0.0,0.16356419381330414,0.8618360024503368,0.5485986881335717,0.0,0.0,0.0,0.0,0.0,0.0,0.0,0,0.0,0.0,0.0,3.875
Jason Day (28895913),jason day,8900,0.0,0.0,0.0,0.2476751318856582,0.911965811965812,0.22898987133862578,0.5360199527435022,0.0,0.0,0.0,0.0,0.0,0.0,0.0,0.0,0,0.0,0.696325180196148,0.0,4.208333333333334
Sungjae Im (28895922),sungjae im,8000,0.0,0.24405313561940067,0.0,0.6318243160348423,0.0,0.6360829759406271,0.6656456929494471,0.24329159212880141,0.0,0.0,0.0,0.0,0.0,0.0,0.0,0,0.0,0.0,0.0,4.208333333333334
Cameron Young (28895920),cameron young,8200,0.0,0.0,0.40225481392796564,0.17691080848975588,0.0,0.44344070322718004,0.465951985064613,0.0,0.0,0.0,0.0,0.0,0.0,0.6044123931623933,0.0,0,0.0,0.0,0.0,4.208333333333334
Hideki Matsuyama (28895918),hideki matsuyama,8400,0.0,0.0,0.0,0.8036805299963194,0.5629030356616563,0.0,0.6901694816370584,0.0,0.0,0.0,0.0,0.0,0.0,0.0,0.0,0,0.6047332039363912,0.22557012879593524,0.0,4.208333333333334
Max Homa (28895914),max homa,8800,0.0,0.6060652867881783,0.0,0.0,0.0,0.5997353773154485,0.25574808202794547,0.7060226595110316,0.0,0.0,0.0,0.0,0.0,0.24350427350427353,0.0,0,0.0,0.0,0.0,4.625
Wyndham Clark (28895917),wyndham clark,8500,0.0,0.5735248687055916,0.0,0.7228070175438597,0.0,1.0213675213675213,0.5815641317347802,0.0,0.0,0.0,0.0,0.0,0.0,0.0,0.0,0,0.0,0.0,0.0,4.625
Tom Kim (28895923),tom kim,7800,0.0,0.7606322726804654,0.0,0.16174702490491963,0.5283112290008842,0.5379444596526446,0.6586388961815582,0.0,0.0,0.0,0.0,0.0,0.0,0.0,0.0,0,0.0,0.0,0.0,4.625
Sam Burns (28895921),sam burns,8100,0.0,0.589795077746885,0.19407030496524658,0.7076432339590235,0.0,0.21081607202603642,0.0,0.6917113893858079,0.0,0.0,0.0,0.0,0.0,0.0,0.0,0,0.0,0.0,0.0,4.625
Matt Fitzpatrick (28895916),matt fitzpatrick,8600,0.0,0.19931006075584387,0.5257540989058499,0.8441172862225493,0.0,0.4870578215773945,0.5149995624398355,0.0,0.0,0.0,0.0,0.0,0.0,0.0,0.0,0,0.0,0.0,0.0,4.625
Jordan Spieth (28895910),jordan spieth,9300,0.0,0.19931006075584387,0.0,0.753134584713532,0.0,0.18173799312589348,0.0,0.1908169350029815,0.0,0.0,0.0,0.0,0.0,0.9914102564102564,0.0,0,0.0,0.0,0.0,4.625
Tony Finau (28895915),tony finau,8700,0.0,0.0,0.0,0.0,0.0,0.527040180065091,0.5114961640558909,0.2146690518783542,0.0,0.0,0.0,0.0,0.0,0.6565918803418803,0.0,0,0.0,0.0,0.0,4.916666666666667
Tommy Fleetwood (28895911),tommy fleetwood,9100,0.0,0.7402945113788487,0.7903954238584588,0.0,0.0,0.6578915351157344,0.25224468364400104,0.20035778175313057,0.0,0.0,0.0,0.0,0.0,0.0,0.0,0,0.0,0.0,0.0,5.041666666666667
Rickie Fowler (28895909),rickie fowler,9500,0.0,0.484038718978478,0.0,0.7430253956569747,0.0,0.5488487392401983,0.7567340509320031,0.7346451997614787,0.0,0.0,0.0,0.0,0.0,0.0,0.0,0,0.0,0.0,0.0,5.041666666666667
Collin Morikawa (28895912),collin morikawa,9000,0.0,0.0,0.0,0.348767022451233,0.0,0.167198953675822,0.2767684723316122,0.6201550387596898,0.0,0.0,0.0,0.0,0.0,0.6305021367521367,0.0,0,0.0,0.0,0.0,5.208333333333334
Tyrrell Hatton (28895908),tyrrell hatton,9700,0.0,0.7484296158994953,0.82568093385214,0.6570972886762361,0.7798880047155909,0.7487605316786811,0.0,0.0,0.0,0.0,0.0,0.0,0.0,0.0,0.0,0,0.0,0.0,0.0,5.208333333333334
Viktor Hovland (28895905),viktor hovland,10200,0.0,0.6426732571310885,0.0,1.0564102564102564,0.0,0.4979621011649481,0.588570928502669,0.6440071556350626,0.0,0.0,0.0,0.0,0.0,0.0,0.0,0,0.0,0.0,0.0,5.333333333333333
Xander Schauffele (28895906),xander schauffele,10000,0.0,0.5735248687055916,0.0,0.6318243160348423,0.0,0.8468990479666636,0.7252034654765029,0.0,0.0,0.0,0.0,0.0,0.0,0.9305341880341882,0.0,0,0.0,0.0,0.0,5.416666666666666
Patrick Cantlay (28895907),patrick cantlay,9800,0.0,0.2643908969210174,0.0,0.5762237762237762,0.0,0.5742920582778234,0.8688427992182258,0.0,0.0,0.0,0.0,0.0,0.0,1.0261965811965812,0.0,0,0.0,0.0,0.0,5.5
Jon Rahm (28895904),jon rahm,11100,0.0,0.0,0.0,0.6368789105631212,0.0,0.0,0.21370730142061198,0.0,0.0,0.0,0.0,0.0,0.0,0.8044337606837608,0.0,0,0.0,0.7551695616211745,0.0,5.625
Rory McIlroy (28895903),rory mcilroy,11500,0.0,1.0128205128205128,0.6492533838837341,0.7834621518832046,0.0,0.4507102229522158,0.8303054169948367,0.0,0.0,0.0,0.0,0.0,0.0,0.0,0.0,0,0.0,0.0,0.0,5.625
Scottie Scheffler (28895902),scottie scheffler,12100,0.0,0.7809700339820822,0.0,0.8946632315053368,0.7830327144120248,0.0,0.8618360024503368,0.8348240906380441,0.0,0.0,0.0,0.0,0.0,0.0,0.0,0,0.0,0.0,0.0,5.75
Matthew NeSmith (28895971),matthew nesmith,6000,0.0,0.0,0.0,0.0,0.0,0.0,0.0,0.0,0.19871794871794876,0.2084160756501182,0.1723320003136517,0.25568181818181823,0.4393294904922812,0.0,0.0,0,0.0,0.0,0.0,
