Name + ID,Name,Salary,AvgPointsPerGame,401353226,401465513,401465499,401465496,401353273,401353294,401465506,401465505,401465504,401465498,401353213,401353214,401353215,401353220,401353223,401465500,401465512,401465501,401353274,401353224,401353225,401353239,401353219,401353222,401353275,401353231,401353276,401353217,401353221,Odds
Michael Block (26429594),michael block,6000,0.0,0.028097510064112118,0.0,0.0,0.0,0.0,0.0,0.0,0.0,0.0,0.0,0.0,0.0,0.0,0.0,0.0,0.0,0.0,0.0,0.0,0.0,0.0,0.0,0.0,0.0,0.0,0.0,0.0,0.0,0.0,0.3333333333333333
Brandon Matthews (26429577),brandon matthews,6100,0.0,0.0,0.051876242019364936,0.04300625510960701,0.0,0.0,0.0,0.05370283929951068,0.035334727803763975,0.0,0.15079799692177287,0.0,0.0,0.0,0.0,0.0,0.0,0.0,0.0,0.0,0.0,0.0,0.0,0.0,0.0,0.0,0.0,0.0,0.0,0.0,0.3333333333333333
Anders Albertson (26429590),anders albertson,6000,0.0,0.0,0.11285357912984652,0.0,0.04434660687456274,0.0,0.0,0.0,0.0,0.0,0.062037150632374916,0.0,0.0,0.0,0.0,0.0,0.0,0.0,0.0,0.0,0.0,0.0,0.0,0.0,0.0,0.0,0.0,0.0,0.0,0.0,0.3333333333333333
Martin Trainer (26429555),martin trainer,6300,0.0,0.0,0.0,0.0,0.0,0.0,0.0,0.14836547128508884,0.0,0.0,0.06490040373848453,0.11221780905931486,0.04184486532066283,0.04605169971671388,0.0,0.0,0.0,0.0,0.0,0.0,0.0,0.0,0.0,0.0,0.0,0.0,0.0,0.0,0.0,0.0,0.3333333333333333
Carson Young (26429587),carson young,6000,0.0,0.0,0.038224599382689954,0.04962260204954655,0.0,0.0,0.0,0.05916414499098635,0.020054845510244418,0.12903658712248525,0.0,0.0,0.0,0.0,0.0,0.0,0.0,0.0,0.0,0.0,0.0,0.0,0.0,0.0,0.0,0.0,0.0,0.0,0.0,0.0,0.3333333333333333
Caleb Surratt (26429585),caleb surratt,6000,0.0,0.0,0.0,0.0,0.0,0.0,0.0,0.0,0.0,0.0,0.0,0.0,0.0,0.0,0.0,0.0,0.0,0.0,0.0,0.0,0.0,0.0,0.0,0.0,0.0,0.0,0.0,0.0,0.0,0.0,0.3333333333333333
Trevor Werbylo (26429593),trevor werbylo,6000,0.0,0.0,0.04914591349202994,0.09841816073160066,0.0,0.0,0.0,0.04733131599278908,0.031514757230384084,0.0,0.039131125783498026,0.0,0.0,0.0,0.0,0.0,0.0,0.0,0.0,0.0,0.0,0.0,0.0,0.0,0.0,0.0,0.0,0.0,0.0,0.0,0.3333333333333333
Wesley Bryan (26429589),wesley bryan,6000,0.0,0.0,0.0,0.0,0.0,0.0,0.0,0.0,0.0,0.0,0.0,0.03266040711427821,0.11732972040891736,0.028895184135977338,0.051079417798183056,0.045229204223538495,0.0,0.0,0.0,0.0,0.0,0.0,0.0,0.0,0.0,0.0,0.0,0.0,0.0,0.0,0.3333333333333333
Jason Dufner (26429580),jason dufner,6100,0.0,0.0,0.0,0.05210373215202388,0.0,0.0,0.0,0.07281740921967551,0.041064683663833805,0.06409660536803188,0.048675302803863396,0.0,0.0,0.0,0.0,0.0,0.0,0.0,0.0,0.0,0.0,0.0,0.0,0.0,0.0,0.0,0.0,0.0,0.0,0.0,0.3333333333333333
Philip Knowles (26429576),philip knowles,6100,0.0,0.0,0.0,0.1339810255337757,0.0,0.0,0.0,0.0436904455318053,0.028649779300349166,0.1391571037595429,0.03817670808146149,0.0,0.0,0.0,0.0,0.0,0.0,0.0,0.0,0.0,0.0,0.0,0.0,0.0,0.0,0.0,0.0,0.0,0.0,0.0,1.0
Hank Lebioda (26447548),hank lebioda,6100,0.0,0.0,0.0,0.0,0.0,0.0,0.0,0.05006196883852691,0.0,0.0,0.05153855590997301,0.05024678017581262,0.04102437776535572,0.13815509915014165,0.0,0.0,0.0,0.0,0.0,0.0,0.0,0.0,0.0,0.0,0.0,0.0,0.0,0.0,0.0,0.0,1.0
Trevor Cone (26429578),trevor cone,6100,0.0,0.0,0.06552788465603991,0.0,0.05715784886054753,0.0,0.0,0.11559763713623487,0.0,0.0,0.1383905667952979,0.0,0.0,0.0,0.0,0.0,0.0,0.0,0.0,0.0,0.0,0.0,0.0,0.0,0.0,0.0,0.0,0.0,0.0,0.0,1.0
Bill Haas (26429572),bill haas,6100,0.0,0.0,0.0,0.0,0.0,0.0,0.0,0.040049575070821526,0.0,0.0,0.0,0.05108422651207617,0.051690715984348205,0.041536827195467425,0.04378235811272834,0.0,0.0,0.0,0.0,0.0,0.0,0.0,0.0,0.0,0.0,0.0,0.0,0.0,0.0,0.0,1.0
Jimmy Walker (26429575),jimmy walker,6100,0.0,0.0,0.05551668005581159,0.044660341844591896,0.1586623045956578,0.0,0.0,0.0,0.0515696027406285,0.0,0.048675302803863396,0.0,0.0,0.0,0.0,0.0,0.0,0.0,0.0,0.0,0.0,0.0,0.0,0.0,0.0,0.0,0.0,0.0,0.0,0.0,1.0
Jonathan Byrd (26447539),jonathan byrd,6000,0.0,0.0,0.04095492791002495,0.0,0.0,0.0,0.0,0.04642109837754314,0.0,0.0,0.0,0.0937939896615169,0.039383402654741495,0.10293909348441926,0.0,0.0,0.0,0.0,0.0,0.0,0.0,0.0,0.0,0.0,0.0,0.0,0.0,0.0,0.0,0.0,1.0
Richy Werenski (26429582),richy werenski,6100,0.0,0.0,0.04459536594647161,0.04631442857957678,0.0,0.0,0.0,0.040049575070821526,0.045839646880558665,0.031204926297594467,0.0,0.0,0.0,0.0,0.0,0.0,0.0,0.0,0.0,0.0,0.0,0.0,0.0,0.0,0.0,0.0,0.0,0.0,0.0,0.0,1.0
Scott Harrington (26429584),scott harrington,6000,0.0,0.0,0.06734810367426325,0.039698081639637235,0.0,0.0,0.0,0.0373189222250837,0.03055976458703911,0.0,0.047720885101826864,0.0,0.0,0.0,0.0,0.0,0.0,0.0,0.0,0.0,0.0,0.0,0.0,0.0,0.0,0.0,0.0,0.0,0.0,0.0,1.0
Kyle Westmoreland (26429570),kyle westmoreland,6200,0.0,0.0,0.040044818400913285,0.0,0.0,0.0,0.0,0.05916414499098635,0.11555410984474164,0.06409660536803188,0.1383905667952979,0.0,0.0,0.0,0.0,0.0,0.0,0.0,0.0,0.0,0.0,0.0,0.0,0.0,0.0,0.0,0.0,0.0,0.0,0.0,1.0
Brent Grant (26429579),brent grant,6100,0.0,0.0,0.04459536594647161,0.05954712245945586,0.0,0.0,0.0,0.13744285990213753,0.05252459538397347,0.04638570125318097,0.0,0.0,0.0,0.0,0.0,0.0,0.0,0.0,0.0,0.0,0.0,0.0,0.0,0.0,0.0,0.0,0.0,0.0,0.0,0.0,1.0
Tano Goya (26429592),tano goya,6000,0.0,0.0,0.04732569447380661,0.1381162423712379,0.0,0.0,0.0,0.039139357455575584,0.04679463952390364,0.0,0.09830502330976333,0.0,0.0,0.0,0.0,0.0,0.0,0.0,0.0,0.0,0.0,0.0,0.0,0.0,0.0,0.0,0.0,0.0,0.0,0.0,1.0
Kevin Roy (26429567),kevin roy,6200,0.0,0.0,0.04368525643735994,0.03804399490465236,0.0,0.0,0.0,0.13198155421066185,0.05634456595735336,0.0,0.11357570654234793,0.0,0.0,0.0,0.0,0.0,0.0,0.0,0.0,0.0,0.0,0.0,0.0,0.0,0.0,0.0,0.0,0.0,0.0,0.0,1.4333333333333333
Dylan Wu (26447538),dylan wu,6200,0.0,0.0,0.05915711809225826,0.0,0.05223044809670723,0.0,0.0,0.1183282899819727,0.0,0.0,0.10594036492605563,0.02931062176922403,0.0,0.0,0.0,0.0,0.0,0.0,0.0,0.0,0.0,0.0,0.0,0.0,0.0,0.0,0.0,0.0,0.0,0.0,1.4333333333333333
Kevin Chappell (26429563),kevin chappell,6200,0.0,0.0,0.0,0.0,0.05223044809670723,0.0,0.0,0.0436904455318053,0.0,0.0,0.0,0.045222102158231366,0.046767790652505525,0.12912535410764872,0.0,0.0,0.0,0.0,0.0,0.0,0.0,0.0,0.0,0.0,0.0,0.0,0.0,0.0,0.0,0.0,2.1333333333333333
Brian Stuard (26429558),brian stuard,6300,0.0,0.0,0.1137636886389582,0.0,0.15964778474842586,0.0,0.0,0.04278022791655936,0.0,0.0,0.12025663045660369,0.12142971875821384,0.0,0.0,0.0,0.0,0.0,0.0,0.0,0.0,0.0,0.0,0.0,0.0,0.0,0.0,0.0,0.0,0.0,0.0,2.1333333333333333
Erik Barnes (26429550),erik barnes,6400,0.0,0.0,0.050056023001141606,0.06285529592942564,0.0,0.0,0.0,0.193876352047386,0.09740924962118716,0.05987972343592452,0.0,0.0,0.0,0.0,0.0,0.0,0.0,0.0,0.0,0.0,0.0,0.0,0.0,0.0,0.0,0.0,0.0,0.0,0.0,0.0,2.1333333333333333
Ryan Brehm (26429581),ryan brehm,6100,0.0,0.0,0.15744894507631815,0.0,0.0,0.0,0.0,0.05279262168426474,0.049659617453938557,0.04975920679886686,0.0,0.0,0.0,0.0,0.0,0.0,0.0,0.1264776150177502,0.0,0.0,0.0,0.0,0.0,0.0,0.0,0.0,0.0,0.0,0.0,0.0,2.1333333333333333
Gunner Wiebe (26429571),gunner wiebe,6200,0.0,0.0,0.0,0.0,0.0,0.0,0.0,0.0,0.0,0.0,0.0,0.0,0.0,0.0,0.0,0.0,0.0,0.0,0.0,0.0,0.0,0.0,0.0,0.0,0.0,0.0,0.0,0.0,0.0,0.0,2.1333333333333333
Nick Watney (26429586),nick watney,6000,0.0,0.0,0.0,0.028946517862235486,0.11037377711002282,0.0,0.0,0.055523274530002574,0.10504919076794694,0.0,0.11834779505253062,0.0,0.0,0.0,0.0,0.0,0.0,0.0,0.0,0.0,0.0,0.0,0.0,0.0,0.0,0.0,0.0,0.0,0.0,0.0,2.1333333333333333
Vincent Norrman (26429560),vincent norrman,6300,0.0,0.0,0.05824700858314659,0.05954712245945586,0.13698174123476045,0.0,0.0,0.07372762683492146,0.0,0.0,0.041994378889607636,0.0,0.0,0.0,0.0,0.0,0.0,0.0,0.0,0.0,0.0,0.0,0.0,0.0,0.0,0.0,0.0,0.0,0.0,0.0,2.1333333333333333
Tyler Duncan (26429556),tyler duncan,6300,0.0,0.0,0.04732569447380661,0.11413198471395707,0.0,0.0,0.0,0.07372762683492146,0.04679463952390364,0.06325322898161041,0.0,0.0,0.0,0.0,0.0,0.0,0.0,0.0,0.0,0.0,0.0,0.0,0.0,0.0,0.0,0.0,0.0,0.0,0.0,0.0,2.1333333333333333
Sam Stevens (26429565),sam stevens,6200,0.0,0.0,0.050056023001141606,0.0,0.0,0.0,0.0,0.06007436260623229,0.08499434525770254,0.06325322898161041,0.13457289598715175,0.0,0.0,0.0,0.0,0.0,0.0,0.0,0.0,0.0,0.0,0.0,0.0,0.0,0.0,0.0,0.0,0.0,0.0,0.0,2.1333333333333333
Harrison Endycott (26429574),harrison endycott,6100,0.0,0.0,0.037314489873578285,0.1108238112439873,0.0,0.0,0.0,0.05825392737574041,0.0,0.037951937388966246,0.046766467399790325,0.0,0.0,0.0,0.0,0.0,0.0,0.0,0.0,0.0,0.0,0.0,0.0,0.0,0.0,0.0,0.0,0.0,0.0,0.0,2.1333333333333333
Eric Cole (26429559),eric cole,6300,0.0,0.0,0.11012325060251153,0.06450938266441052,0.0,0.0,0.0,0.14472460082410507,0.12319405099150142,0.15686800787439384,0.0,0.0,0.0,0.0,0.0,0.0,0.0,0.0,0.0,0.0,0.0,0.0,0.0,0.0,0.0,0.0,0.0,0.0,0.0,0.0,2.1333333333333333
Max McGreevy (26429583),max mcgreevy,6000,0.0,0.0,0.05369646103758827,0.038871038272144796,0.0,0.0,0.0,0.03822913984032964,0.08499434525770254,0.033735055456858884,0.0,0.0,0.0,0.0,0.0,0.0,0.0,0.0,0.0,0.0,0.0,0.0,0.0,0.0,0.0,0.0,0.0,0.0,0.0,0.0,2.1333333333333333
Kramer Hickok (26429554),kramer hickok,6300,0.0,0.0,0.06370766563781657,0.051276688784531434,0.0,0.0,0.0,0.0,0.037244713090453914,0.05650621789023863,0.036267872677388416,0.0,0.0,0.0,0.0,0.0,0.0,0.0,0.0,0.0,0.0,0.0,0.0,0.0,0.0,0.0,0.0,0.0,0.0,0.0,2.1333333333333333
Robert Streb (26429551),robert streb,6400,0.0,0.0,0.045505475455583276,0.04300625510960701,0.0,0.0,0.0,0.08829110867885655,0.05729955860069833,0.121446199644692,0.0,0.0,0.0,0.0,0.0,0.0,0.0,0.0,0.0,0.0,0.0,0.0,0.0,0.0,0.0,0.0,0.0,0.0,0.0,0.0,2.1333333333333333
Sung Kang (26429573),sung kang,6100,0.0,0.0,0.0,0.0,0.06898361069376427,0.0,0.0,0.05825392737574041,0.0,0.0,0.0,0.0535965655208668,0.12061167063014581,0.03250708215297451,0.0,0.0,0.0,0.0,0.0,0.0,0.0,0.0,0.0,0.0,0.0,0.0,0.0,0.0,0.0,0.0,2.1333333333333333
Michael Gligic (26429561),michael gligic,6300,0.0,0.0,0.035494270855354955,0.053757818887008764,0.0,0.0,0.0,0.04733131599278908,0.05729955860069833,0.053132712344552746,0.0,0.0,0.0,0.0,0.0,0.0,0.0,0.0,0.0,0.0,0.0,0.0,0.0,0.0,0.0,0.0,0.0,0.0,0.0,0.0,2.1333333333333333
John Pak (26429591),john pak,6000,0.0,0.0,0.0,0.0,0.0,0.0,0.0,0.0,0.0,0.0,0.0,0.0,0.0,0.0,0.0,0.0,0.0,0.0,0.0,0.0,0.03836584020657324,0.03461074388836429,0.1035350915692455,0.0,0.0,0.0,0.0,0.0,0.0,0.0,2.1333333333333333
Kevin Tway (26429566),kevin tway,6200,0.0,0.0,0.11740412667540485,0.051276688784531434,0.0,0.0,0.0,0.06007436260623229,0.1136441245580517,0.06831348730013924,0.0,0.0,0.0,0.0,0.0,0.0,0.0,0.0,0.0,0.0,0.0,0.0,0.0,0.0,0.0,0.0,0.0,0.0,0.0,0.0,2.1333333333333333
Matthias Schwab (26429552),matthias schwab,6300,0.0,0.0,0.02184262821867997,0.10834268114150997,0.0,0.0,0.0,0.10467502575328354,0.08499434525770254,0.14927762039660056,0.0,0.0,0.0,0.0,0.0,0.0,0.0,0.0,0.0,0.0,0.0,0.0,0.0,0.0,0.0,0.0,0.0,0.0,0.0,0.0,2.1333333333333333
Rory Sabbatini (26429547),rory sabbatini,6400,0.0,0.0,0.07007843220159825,0.051276688784531434,0.0,0.0,0.0,0.07281740921967551,0.0,0.11891607048542757,0.05917389752626531,0.0,0.0,0.0,0.0,0.0,0.0,0.0,0.0,0.0,0.0,0.0,0.0,0.0,0.0,0.0,0.0,0.0,0.0,0.0,3.0666666666666664
Harry Higgs (26429549),harry higgs,6400,0.0,0.0,0.038224599382689954,0.0,0.041390166416258554,0.0,0.0,0.1601983002832861,0.0,0.16614514812503,0.040085543485534565,0.0,0.0,0.0,0.0,0.0,0.0,0.0,0.0,0.0,0.0,0.0,0.0,0.0,0.0,0.0,0.0,0.0,0.0,0.0,3.0666666666666664
Michael Kim (26429544),michael kim,6400,0.0,0.0,0.040044818400913285,0.02646538775975816,0.0,0.0,0.0,0.14017351274787535,0.09836424226453214,0.03542180822970183,0.0,0.0,0.0,0.0,0.0,0.0,0.0,0.0,0.0,0.0,0.0,0.0,0.0,0.0,0.0,0.0,0.0,0.0,0.0,0.0,3.0666666666666664
Peter Malnati (26429542),peter malnati,6500,0.0,0.0,0.051876242019364936,0.0,0.0,0.0,0.0,0.06189479783672418,0.040109691020488836,0.0,0.15270683232584595,0.0,0.0,0.0,0.0,0.0,0.10865299772442298,0.0,0.0,0.0,0.0,0.0,0.0,0.0,0.0,0.0,0.0,0.0,0.0,0.0,3.0666666666666664
Andrew Landry (26429540),andrew landry,6500,0.0,0.0,0.0,0.11330494134646463,0.11628665802663118,0.0,0.0,0.11741807236672676,0.0,0.033735055456858884,0.041039961187571104,0.0,0.0,0.0,0.0,0.0,0.0,0.0,0.0,0.0,0.0,0.0,0.0,0.0,0.0,0.0,0.0,0.0,0.0,0.0,3.0666666666666664
Chesson Hadley (26429525),chesson hadley,6700,0.0,0.0,0.05733689907403493,0.14390554594368501,0.0,0.0,0.0,0.081009367756889,0.039154698377143866,0.0,0.048675302803863396,0.0,0.0,0.0,0.0,0.0,0.0,0.0,0.0,0.0,0.0,0.0,0.0,0.0,0.0,0.0,0.0,0.0,0.0,0.0,3.0666666666666664
Zecheng Dou (26429538),zecheng dou,6500,0.0,0.0,0.04277514692824828,0.05706599235697853,0.0,0.0,0.0,0.10831589621426731,0.07830939675428773,0.0514459595717098,0.0,0.0,0.0,0.0,0.0,0.0,0.0,0.0,0.0,0.0,0.0,0.0,0.0,0.0,0.0,0.0,0.0,0.0,0.0,0.0,3.0666666666666664
Ryan Moore (26429557),ryan moore,6300,0.0,0.0,0.06188744661959326,0.13315398216628327,0.056172368707779474,0.0,0.0,0.0,0.0,0.12650645796322083,0.044857631995717254,0.0,0.0,0.0,0.0,0.0,0.0,0.0,0.0,0.0,0.0,0.0,0.0,0.0,0.0,0.0,0.0,0.0,0.0,0.0,3.0666666666666664
Taiga Semikawa (26429553),taiga semikawa,6300,0.0,0.0,0.12650522176652151,0.0,0.0,0.0,0.0,0.0,0.0,0.0,0.0,0.0,0.0,0.0,0.0,0.0,0.0,0.0,0.0,0.0,0.0,0.0,0.0,0.0,0.0,0.0,0.0,0.0,0.0,0.0,3.0666666666666664
Tyson Alexander (26429543),tyson alexander,6400,0.0,0.0,0.15198828802164813,0.12488354849135881,0.0,0.0,0.0,0.12561003090394024,0.18431358016557964,0.0,0.033404619571278805,0.0,0.0,0.0,0.0,0.0,0.0,0.0,0.0,0.0,0.0,0.0,0.0,0.0,0.0,0.0,0.0,0.0,0.0,0.0,3.466666666666667
Scott Piercy (26429535),scott piercy,6500,0.0,0.0,0.06188744661959326,0.03390877806719014,0.0,0.0,0.0,0.05370283929951068,0.13656394799833102,0.14506073846449322,0.0,0.0,0.0,0.0,0.0,0.0,0.0,0.0,0.0,0.0,0.0,0.0,0.0,0.0,0.0,0.0,0.0,0.0,0.0,0.0,3.466666666666667
Zach Johnson (26429545),zach johnson,6400,0.0,0.0,0.09556149845672489,0.0,0.0,0.0,0.0,0.06007436260623229,0.09358927904780728,0.0,0.0,0.12310461143074092,0.12061167063014581,0.0,0.0,0.0,0.0,0.0,0.0,0.0,0.0,0.0,0.0,0.0,0.0,0.0,0.0,0.0,0.0,0.0,3.466666666666667
Austin Cook (26429548),austin cook,6400,0.0,0.0,0.034584161346243286,0.05541190562199365,0.0,0.0,0.0,0.057343709760494466,0.1451588817884358,0.14337398569165027,0.0,0.0,0.0,0.0,0.0,0.0,0.0,0.0,0.0,0.0,0.0,0.0,0.0,0.0,0.0,0.0,0.0,0.0,0.0,0.0,4.0
Harry Hall (26429527),harry hall,6600,0.0,0.0,0.1638197116400998,0.16458163013099605,0.0,0.0,0.0,0.045510880762297194,0.10600418341129192,0.05987972343592452,0.0,0.0,0.0,0.0,0.0,0.0,0.0,0.0,0.0,0.0,0.0,0.0,0.0,0.0,0.0,0.0,0.0,0.0,0.0,0.0,4.0
Adam Schenk (26429528),adam schenk,6600,0.0,0.0,0.10466259354784153,0.16210050002851875,0.0,0.0,0.0,0.05825392737574041,0.04201967630717878,0.0,0.0,0.0,0.0,0.0,0.0,0.0,0.17576220220127248,0.0,0.0,0.0,0.0,0.0,0.0,0.0,0.0,0.0,0.0,0.0,0.0,0.0,4.0
Zac Blair (26429541),zac blair,6500,0.0,0.0,0.13833664538497314,0.044660341844591896,0.0,0.0,0.0,0.15746764743754826,0.04870462481059358,0.05819297066308158,0.0,0.0,0.0,0.0,0.0,0.0,0.0,0.0,0.0,0.0,0.0,0.0,0.0,0.0,0.0,0.0,0.0,0.0,0.0,0.0,4.0
MJ Daffue (26429521),mj daffue,6700,0.0,0.0,0.11285357912984652,0.04548738521208434,0.0,0.0,0.0,0.10012393767705383,0.06589449239080308,0.121446199644692,0.0,0.0,0.0,0.0,0.0,0.0,0.0,0.0,0.0,0.0,0.0,0.0,0.0,0.0,0.0,0.0,0.0,0.0,0.0,0.0,4.0
John Huh (26429539),john huh,6500,0.0,0.0,0.0,0.0,0.0,0.0,0.0,0.050972186453772855,0.034379735160419,0.14506073846449322,0.0,0.0,0.0,0.0,0.0,0.0,0.15765336924720197,0.0,0.0960279021596759,0.0,0.0,0.0,0.0,0.0,0.0,0.0,0.0,0.0,0.0,0.0,4.0
Garrick Higgo (26429534),garrick higgo,6500,0.0,0.0,0.0,0.053757818887008764,0.0,0.0,0.0,0.06007436260623229,0.03055976458703911,0.05903634704950305,0.20329097053378242,0.0,0.0,0.0,0.0,0.0,0.0,0.0,0.0,0.0,0.0,0.0,0.0,0.0,0.0,0.0,0.0,0.0,0.0,0.0,4.0
Andrew Novak (26429546),andrew novak,6400,0.0,0.0,0.16108938311276477,0.0,0.0,0.0,0.0,0.044600663147051245,0.0,0.0,0.0,0.04103487047691365,0.035280964878205916,0.11467776203966006,0.0,0.0,0.0,0.0,0.0,0.0,0.0,0.0,0.0,0.0,0.0,0.0,0.0,0.0,0.0,0.0,4.0
Danny Lee (26429536),danny lee,6500,0.0,0.0,0.15107817851253647,0.0,0.0,0.0,0.0,0.16930047643574556,0.04774963216724862,0.12228957603111347,0.0,0.0,0.0,0.0,0.0,0.0,0.14913156550410997,0.0,0.0,0.0,0.0,0.0,0.0,0.0,0.0,0.0,0.0,0.0,0.0,0.0,4.0
Brice Garnett (26429531),brice garnett,6600,0.0,0.0,0.1765612447676631,0.0,0.1438801023041369,0.0,0.0,0.13562242467164565,0.0,0.0,0.12121104815864023,0.041872316813177185,0.0,0.0,0.0,0.0,0.0,0.0,0.0,0.0,0.0,0.0,0.0,0.0,0.0,0.0,0.0,0.0,0.0,0.0,4.0
Satoshi Kodaira (26429530),satoshi kodaira,6600,0.0,0.0,0.0,0.0,0.0,0.0,0.0,0.0,0.0,0.0,0.0,0.12729184311205866,0.04922925331842686,0.10655099150141643,0.15080590016606427,0.0,0.14913156550410997,0.0,0.0,0.0,0.0,0.0,0.0,0.0,0.0,0.0,0.0,0.0,0.0,0.0,4.0
Doug Ghim (26429515),doug ghim,6800,0.0,0.0,0.0,0.12322946175637393,0.09657705497126998,0.0,0.0,0.0,0.0,0.04807245402602391,0.0,0.044384655821967815,0.0,0.0,0.0,0.0,0.0,0.0,0.0,0.06375592114429016,0.0,0.0,0.0,0.0,0.0,0.0,0.0,0.0,0.0,0.0,4.0
Erik Van Rooyen (26429522),erik van rooyen,6700,0.0,0.0,0.0,0.0,0.0,0.0,0.0,0.0,0.0,0.053132712344552746,0.0,0.0,0.0,0.0,0.0,0.0,0.0,0.0,0.0,0.0,0.05696745970066936,0.04415853530584409,0.0,0.039333188058400526,0.04785844150353051,0.0,0.0,0.0,0.0,0.0,4.0
Ben Martin (26429537),ben martin,6500,0.0,0.0,0.14106697391230813,0.12571059185885128,0.0,0.0,0.0,0.15746764743754826,0.027694786657004197,0.04807245402602391,0.0,0.0,0.0,0.0,0.0,0.0,0.0,0.0,0.0,0.0,0.0,0.0,0.0,0.0,0.0,0.0,0.0,0.0,0.0,0.0,5.0
Justin Lower (26429517),justin lower,6800,0.0,0.0,0.0,0.15796528319105652,0.0,0.0,0.0,0.0518824040690188,0.05252459538397347,0.1298799635089067,0.13743614909326135,0.0,0.0,0.0,0.0,0.0,0.0,0.0,0.0,0.0,0.0,0.0,0.0,0.0,0.0,0.0,0.0,0.0,0.0,0.0,5.0
Joseph Bramlett (26429519),joseph bramlett,6700,0.0,0.0,0.12559511225740985,0.053757818887008764,0.0,0.0,0.0,0.12196916044295647,0.1413389112150559,0.12060282325827051,0.0,0.0,0.0,0.0,0.0,0.0,0.0,0.0,0.0,0.0,0.0,0.0,0.0,0.0,0.0,0.0,0.0,0.0,0.0,0.0,5.0
Mark Hubbard (26429503),mark hubbard,7000,0.0,0.0,0.05096613251025327,0.14721371941365477,0.0,0.0,0.0,0.0,0.02387481608362431,0.060723099822346,0.0,0.0,0.0,0.0,0.0,0.0,0.10119641944921748,0.0,0.0,0.0,0.0,0.0,0.0,0.0,0.0,0.0,0.0,0.0,0.0,0.0,5.0
Aaron Baddeley (26429526),aaron baddeley,6600,0.0,0.0,0.1665500401674348,0.0,0.1438801023041369,0.0,0.0,0.14472460082410507,0.0,0.05903634704950305,0.0,0.041872316813177185,0.0,0.0,0.0,0.0,0.0,0.0,0.0,0.0,0.0,0.0,0.0,0.0,0.0,0.0,0.0,0.0,0.0,0.0,5.0
Austin Eckroat (26429520),austin eckroat,6700,0.0,0.0,0.16746014967654646,0.13480806890126815,0.0,0.0,0.0,0.0,0.05061461009728353,0.14421736207807173,0.12693755437085943,0.0,0.0,0.0,0.0,0.0,0.0,0.0,0.0,0.0,0.0,0.0,0.0,0.0,0.0,0.0,0.0,0.0,0.0,0.0,5.0
Stewart Cink (26429511),stewart cink,6800,0.0,0.0,0.15653883556720646,0.14969484951613207,0.0,0.0,0.0,0.07372762683492146,0.0964542569778422,0.0,0.14507149070955366,0.0,0.0,0.0,0.0,0.0,0.0,0.0,0.0,0.0,0.0,0.0,0.0,0.0,0.0,0.0,0.0,0.0,0.0,0.0,5.0
Brandon Wu (26429516),brandon wu,6800,0.0,0.0,0.06279755612870493,0.0,0.0,0.0,0.0,0.12287937805820241,0.08976930847442739,0.1391571037595429,0.0,0.0,0.0,0.0,0.0,0.0,0.13528363442158547,0.0,0.0,0.0,0.0,0.0,0.0,0.0,0.0,0.0,0.0,0.0,0.0,0.0,5.0
Chez Reavie (26429532),chez reavie,6600,0.0,0.0,0.13742653587586148,0.030600604597220374,0.0,0.0,0.0,0.0,0.0,0.0,0.0,0.0,0.0,0.0,0.0,0.0,0.12676183067849348,0.1264776150177502,0.09506762313807915,0.0,0.0,0.0,0.0,0.0,0.0,0.0,0.0,0.0,0.0,0.0,5.0
Danny Willett (26429502),danny willett,7000,0.0,0.0,0.0,0.0,0.2118782328451331,0.0,0.0,0.0,0.0,0.1484342440101791,0.0,0.03266040711427821,0.10994533241115333,0.0,0.0,0.0,0.0,0.0,0.1382801791099333,0.0,0.0,0.0,0.0,0.0,0.0,0.0,0.0,0.0,0.0,0.0,5.0
Sam Ryder (26429512),sam ryder,6800,0.0,0.0,0.054606570546699935,0.14969484951613207,0.0,0.0,0.0,0.06280501545197012,0.0,0.18385605223988094,0.0,0.0,0.0,0.0,0.0,0.0,0.1544576928435425,0.0,0.0,0.0,0.0,0.0,0.0,0.0,0.0,0.0,0.0,0.0,0.0,0.0,5.0
Charley Hoffman (26429518),charley hoffman,6700,0.0,0.0,0.0,0.04548738521208434,0.05321592824947529,0.0,0.0,0.04733131599278908,0.041064683663833805,0.14506073846449322,0.0,0.0,0.0,0.0,0.0,0.0,0.0,0.0,0.0,0.0,0.0,0.0,0.0,0.0,0.0,0.0,0.0,0.0,0.0,0.0,5.0
Lucas Glover (26429524),lucas glover,6700,0.0,0.0,0.04823580398291827,0.0,0.1261414595543118,0.0,0.0,0.0,0.0,0.14759086762375762,0.0,0.0,0.0,0.0,0.0,0.0,0.0,0.0,0.09122650705169211,0.0,0.0,0.0,0.0,0.0,0.0,0.10311379638663265,0.0,0.0,0.0,0.0,5.0
Ryan Armour (26429529),ryan armour,6600,0.0,0.0,0.0527863515284766,0.038871038272144796,0.0,0.0,0.0,0.13653264228689158,0.13178898478160617,0.14927762039660056,0.0,0.0,0.0,0.0,0.0,0.0,0.0,0.0,0.0,0.0,0.0,0.0,0.0,0.0,0.0,0.0,0.0,0.0,0.0,0.0,5.0
David Lingmerth (26429523),david lingmerth,6700,0.0,0.0,0.04095492791002495,0.04383329847709945,0.0,0.0,0.0,0.16930047643574556,0.04679463952390364,0.17963917030777357,0.0,0.0,0.0,0.0,0.0,0.0,0.0,0.0,0.0,0.0,0.0,0.0,0.0,0.0,0.0,0.0,0.0,0.0,0.0,0.0,5.0
Troy Merritt (26429507),troy merritt,6900,0.0,0.0,0.12195467422096318,0.0,0.0,0.0,0.0,0.04915175122328097,0.0,0.20241033274115333,0.0,0.0,0.0,0.0,0.0,0.0,0.10865299772442298,0.0,0.09218678607328887,0.0,0.0,0.0,0.0,0.0,0.0,0.0,0.0,0.0,0.0,0.0,5.0
James Hahn (26429514),james hahn,6800,0.0,0.0,0.0,0.05210373215202388,0.13008338016538404,0.0,0.0,0.0,0.12892400685157127,0.05650621789023863,0.0,0.0,0.0,0.0,0.0,0.0,0.0,0.0,0.0,0.1350761041192588,0.0,0.0,0.0,0.0,0.0,0.0,0.0,0.0,0.0,0.0,5.0
Justin Suh (26429494),justin suh,7100,0.0,0.0,0.13196587882119148,0.0,0.0,0.0,0.0,0.11377720190574299,0.10791416869798187,0.1332534690545926,0.0,0.0,0.0,0.0,0.0,0.0,0.0,0.0,0.13251850498035275,0.0,0.0,0.0,0.0,0.0,0.0,0.0,0.0,0.0,0.0,0.0,5.866666666666667
Carl Yuan (26429505),carl yuan,6900,0.0,0.0,0.18111179231322144,0.05541190562199365,0.0,0.0,0.0,0.16383917074426987,0.1203290730614665,0.0,0.040085543485534565,0.0,0.0,0.0,0.0,0.0,0.0,0.0,0.0,0.0,0.0,0.0,0.0,0.0,0.0,0.0,0.0,0.0,0.0,0.0,5.866666666666667
Davis Thompson (26429509),davis thompson,6900,0.0,0.0,0.11467379814806986,0.16623571686598093,0.0,0.0,0.0,0.055523274530002574,0.11746409513143159,0.0,0.12693755437085943,0.0,0.0,0.0,0.0,0.0,0.0,0.0,0.0,0.0,0.0,0.0,0.0,0.0,0.0,0.0,0.0,0.0,0.0,0.0,5.866666666666667
Michael Thompson (26429510),michael thompson,6900,0.0,0.0,0.14561752145786647,0.1306728520638059,0.10248993588787833,0.0,0.0,0.04733131599278908,0.0,0.0,0.057265062122192234,0.0,0.0,0.0,0.0,0.0,0.0,0.0,0.0,0.0,0.0,0.0,0.0,0.0,0.0,0.0,0.0,0.0,0.0,0.0,5.866666666666667
Dylan Frittelli (26429513),dylan frittelli,6800,0.0,0.0,0.0,0.04962260204954655,0.0,0.0,0.0,0.08556045583311872,0.04774963216724862,0.12566308157679937,0.0,0.0,0.0,0.0,0.0,0.0,0.13528363442158547,0.0,0.0,0.0,0.0,0.0,0.0,0.0,0.0,0.0,0.0,0.0,0.0,0.0,5.866666666666667
Adam Long (26429508),adam long,6900,0.0,0.0,0.13833664538497314,0.0,0.0,0.0,0.0,0.05916414499098635,0.03628972044710895,0.048915830412445384,0.0,0.0,0.0,0.0,0.0,0.0,0.12782705614637999,0.0,0.0,0.0,0.0,0.0,0.0,0.0,0.0,0.0,0.0,0.0,0.0,0.0,5.866666666666667
Patton Kizzire (26429504),patton kizzire,6900,0.0,0.0,0.10648281256606486,0.10834268114150997,0.0,0.0,0.0,0.13926329513262942,0.0,0.1728921592164018,0.06108273293033838,0.0,0.0,0.0,0.0,0.0,0.0,0.0,0.0,0.0,0.0,0.0,0.0,0.0,0.0,0.0,0.0,0.0,0.0,0.0,5.866666666666667
Robby Shelton (26429500),robby shelton,7000,0.0,0.0,0.041865037419136615,0.15217597961860943,0.0,0.0,0.0,0.1802230878186969,0.09454427169115226,0.04132544293465213,0.0,0.0,0.0,0.0,0.0,0.0,0.0,0.0,0.0,0.0,0.0,0.0,0.0,0.0,0.0,0.0,0.0,0.0,0.0,0.0,5.866666666666667
Jhonattan Vegas (26429490),jhonattan vegas,7200,0.0,0.0,0.0,0.0,0.0,0.0,0.0,0.0,0.0,0.0,0.0,0.0,0.13866239684690232,0.0,0.0,0.1112638423899047,0.0,0.0,0.0,0.061594703478382015,0.0,0.0,0.0,0.13152034757027672,0.0,0.0,0.0,0.0,0.0,0.04293761117333157,5.866666666666667
Beau Hossler (26429501),beau hossler,7000,0.0,0.0,0.0,0.12405650512386639,0.0,0.0,0.0,0.15746764743754826,0.04297466895052375,0.12819321073606377,0.0,0.0,0.0,0.0,0.0,0.0,0.17682742766915896,0.0,0.0,0.0,0.0,0.0,0.0,0.0,0.0,0.0,0.0,0.0,0.0,0.0,6.5
Russell Knox (26429496),russell knox,7100,0.0,0.0,0.10921314109339987,0.0,0.0,0.0,0.0,0.1520063417460726,0.1241490436348464,0.14337398569165027,0.0,0.0,0.0,0.0,0.0,0.0,0.11078344866019597,0.0,0.0,0.0,0.0,0.0,0.0,0.0,0.0,0.0,0.0,0.0,0.0,0.0,6.5
Ben Taylor (26429499),ben taylor,7000,0.0,0.0,0.17838146378588643,0.053757818887008764,0.0,0.0,0.0,0.15564721220705638,0.1785836243055098,0.12060282325827051,0.0,0.0,0.0,0.0,0.0,0.0,0.0,0.0,0.0,0.0,0.0,0.0,0.0,0.0,0.0,0.0,0.0,0.0,0.0,0.0,6.5
Dean Burmester (26429480),dean burmester,7400,0.0,0.0,0.0,0.14225145920870014,0.0,0.0,0.0,0.12105894282771053,0.03342474251707403,0.15012099678302204,0.19565562891749014,0.0,0.0,0.0,0.0,0.0,0.0,0.0,0.0,0.0,0.0,0.0,0.0,0.0,0.0,0.0,0.0,0.0,0.0,0.0,6.5
Byeong Hun An (26429495),byeong hun an,7100,0.0,0.0,0.17565113525855144,0.0,0.0,0.0,0.0,0.07281740921967551,0.09263428640446231,0.060723099822346,0.0,0.0,0.0,0.0,0.0,0.0,0.0,0.0,0.09698818118127266,0.0,0.0,0.0,0.0,0.0,0.0,0.0,0.0,0.0,0.0,0.0,6.5
Kevin Yu (26429506),kevin yu,6900,0.0,0.0,0.17838146378588643,0.1381162423712379,0.0,0.0,0.0,0.13198155421066185,0.0,0.06493998175445335,0.16034217394213826,0.0,0.0,0.0,0.0,0.0,0.0,0.0,0.0,0.0,0.0,0.0,0.0,0.0,0.0,0.0,0.0,0.0,0.0,0.0,6.5
Callum Tarren (26429491),callum tarren,7200,0.0,0.0,0.0,0.06533642603190296,0.0,0.0,0.0,0.21936244527427246,0.11841908777477657,0.05481946511739569,0.15843333853806515,0.0,0.0,0.0,0.0,0.0,0.0,0.0,0.0,0.0,0.0,0.0,0.0,0.0,0.0,0.0,0.0,0.0,0.0,0.0,6.5
Aaron Rai (26429484),aaron rai,7300,0.0,0.0,0.11558390765718152,0.0,0.0,0.0,0.0,0.04915175122328097,0.1585287787952654,0.0514459595717098,0.0,0.0,0.0,0.0,0.0,0.0,0.15019679097199648,0.0,0.0,0.0,0.0,0.0,0.0,0.0,0.0,0.0,0.0,0.0,0.0,0.0,6.5
Nate Lashley (26429497),nate lashley,7100,0.0,0.0,0.1711005877129931,0.06699051276688785,0.0,0.0,0.0,0.05825392737574041,0.0,0.04385557209391655,0.11357570654234793,0.0,0.0,0.0,0.0,0.0,0.0,0.0,0.0,0.0,0.0,0.0,0.0,0.0,0.0,0.0,0.0,0.0,0.0,0.0,6.5
Martin Laird (26429489),martin laird,7200,0.0,0.0,0.0,0.15300302298610188,0.0,0.0,0.0,0.0,0.13560895535498604,0.16192826619292264,0.048675302803863396,0.0,0.0,0.0,0.0,0.0,0.15339246737565598,0.0,0.0,0.0,0.0,0.0,0.0,0.0,0.0,0.0,0.0,0.0,0.0,0.0,6.5
Stephan Jaeger (26429483),stephan jaeger,7300,0.0,0.0,0.1501680690034248,0.13728919900374545,0.0,0.0,0.0,0.13471220705639966,0.13847393328502097,0.0,0.0,0.0,0.0,0.0,0.0,0.0,0.13315318348581245,0.0,0.0,0.0,0.0,0.0,0.0,0.0,0.0,0.0,0.0,0.0,0.0,0.0,7.1
Nick Taylor (26429498),nick taylor,7000,0.0,0.0,0.16746014967654646,0.04631442857957678,0.0,0.0,0.0,0.0,0.04392966159386873,0.11975944687184904,0.15843333853806515,0.0,0.0,0.0,0.0,0.0,0.0,0.0,0.0,0.0,0.0,0.0,0.0,0.0,0.0,0.0,0.0,0.0,0.0,0.0,7.1
Ben Griffin (26429488),ben griffin,7200,0.0,0.0,0.15926916409454148,0.1323269387987908,0.0,0.0,0.0,0.15109612413082668,0.14229390385840088,0.11891607048542757,0.0,0.0,0.0,0.0,0.0,0.0,0.0,0.0,0.0,0.0,0.0,0.0,0.0,0.0,0.0,0.0,0.0,0.0,0.0,0.0,7.1
Sebastian Munoz (26429476),sebastian munoz,7500,0.0,0.0,0.0,0.0,0.0,0.0,0.0,0.0,0.04679463952390364,0.13156671628174965,0.0,0.0,0.0,0.0,0.0,0.0,0.15126201643988296,0.0,0.1171540406348046,0.0,0.0,0.0,0.0,0.0,0.0,0.1266506412140162,0.0,0.0,0.0,0.0,7.1
Greyson Sigg (26429493),greyson sigg,7100,0.0,0.0,0.1346962073485265,0.1339810255337757,0.0,0.0,0.0,0.16292895312902395,0.0,0.16614514812503,0.16797751555843055,0.0,0.0,0.0,0.0,0.0,0.0,0.0,0.0,0.0,0.0,0.0,0.0,0.0,0.0,0.0,0.0,0.0,0.0,0.0,7.1
Taylor Moore (26429486),taylor moore,7300,0.0,0.0,0.0,0.053757818887008764,0.0,0.0,0.0,0.04187001030131342,0.049659617453938557,0.0,0.0,0.0,0.0,0.0,0.0,0.0,0.166175172990294,0.0,0.1363596210667398,0.0,0.0,0.0,0.0,0.0,0.0,0.0,0.0,0.0,0.0,0.0,7.1
Lee Hodges (26429481),lee hodges,7400,0.0,0.0,0.0,0.0,0.0,0.0,0.0,0.05370283929951068,0.06016453653073325,0.14337398569165027,0.0,0.0,0.0,0.0,0.0,0.0,0.17895787860493198,0.0,0.1642077126930458,0.0,0.0,0.0,0.0,0.0,0.0,0.0,0.0,0.0,0.0,0.0,7.1
Matthew NeSmith (26429492),matthew nesmith,7100,0.0,0.0,0.0,0.21255014544555773,0.0,0.0,0.0,0.06826632114344579,0.11555410984474164,0.0,0.17370402177064975,0.0,0.0,0.0,0.0,0.0,0.18641445688013747,0.0,0.0,0.0,0.0,0.0,0.0,0.0,0.0,0.0,0.0,0.0,0.0,0.0,7.1
Keith Mitchell (26429466),keith mitchell,7800,0.0,0.0,0.05733689907403493,0.0,0.0,0.0,0.0,0.1410837303631213,0.16043876408195534,0.04554232486675949,0.0,0.0,0.0,0.0,0.0,0.0,0.0,0.0,0.12099515672119163,0.0,0.0,0.0,0.0,0.0,0.0,0.0,0.0,0.0,0.0,0.0,7.666666666666667
Harris English (26429473),harris english,7600,0.0,0.0,0.11467379814806986,0.0,0.0,0.0,0.0,0.15655742982230234,0.11268913191470672,0.1425306093052288,0.0,0.0,0.0,0.0,0.0,0.0,0.0,0.0,0.11523348259161108,0.0,0.0,0.0,0.0,0.0,0.0,0.0,0.0,0.0,0.0,0.0,7.666666666666667
Brendan Steele (26429479),brendan steele,7400,0.0,0.0,0.13105576931207982,0.0,0.0,0.0,0.0,0.0,0.06016453653073325,0.0,0.042948796591644176,0.0,0.0,0.0,0.0,0.0,0.14700111456833698,0.0,0.13731990008833653,0.0,0.0,0.0,0.0,0.0,0.0,0.0,0.0,0.0,0.0,0.0,7.666666666666667
Emiliano Grillo (26429472),emiliano grillo,7600,0.0,0.0,0.04732569447380661,0.11578607144894194,0.0,0.0,0.0,0.0,0.0,0.12819321073606377,0.0,0.0,0.0,0.0,0.0,0.0,0.20878419170575396,0.0,0.10755125041883701,0.0,0.0,0.0,0.0,0.0,0.0,0.0,0.0,0.0,0.0,0.0,7.666666666666667
Luke List (26429487),luke list,7200,0.0,0.0,0.0,0.0,0.0,0.0,0.0,0.04733131599278908,0.09263428640446231,0.0,0.0,0.0,0.0,0.0,0.0,0.0,0.14700111456833698,0.19358818625165847,0.10563069237564349,0.0,0.0,0.0,0.0,0.0,0.0,0.0,0.0,0.0,0.0,0.0,7.666666666666667
Brendon Todd (26429477),brendon todd,7500,0.0,0.0,0.1583590545854298,0.1612734566610263,0.0,0.0,0.0,0.06553566829770795,0.0,0.1180726940990061,0.0,0.0,0.0,0.0,0.0,0.0,0.0,0.0,0.19493664138414207,0.0,0.0,0.0,0.0,0.0,0.0,0.0,0.0,0.0,0.0,0.0,7.666666666666667
Alex Smalley (26429475),alex smalley,7500,0.0,0.0,0.05642678956492326,0.0,0.0,0.0,0.0,0.2075296162760752,0.16998869051540508,0.0,0.0,0.0,0.0,0.0,0.0,0.0,0.13954453629313146,0.0,0.11139236650522404,0.0,0.0,0.0,0.0,0.0,0.0,0.0,0.0,0.0,0.0,0.0,7.666666666666667
Christiaan Bezuidenhout (26429469),christiaan bezuidenhout,7700,0.0,0.0,0.03640438036446662,0.15796528319105652,0.0,0.0,0.0,0.0,0.0,0.0,0.12884638977493254,0.0,0.0,0.0,0.0,0.0,0.14167498722890448,0.0,0.08354427487891804,0.0,0.0,0.0,0.0,0.0,0.0,0.0,0.0,0.0,0.0,0.0,7.666666666666667
Will Gordon (26429478),will gordon,7400,0.0,0.0,0.1501680690034248,0.13646215563625302,0.0,0.0,0.0,0.1802230878186969,0.1136441245580517,0.20494046190041773,0.0,0.0,0.0,0.0,0.0,0.0,0.0,0.0,0.0,0.0,0.0,0.0,0.0,0.0,0.0,0.0,0.0,0.0,0.0,0.0,7.666666666666667
Rickie Fowler (26429464),rickie fowler,7800,0.0,0.0,0.0,0.053757818887008764,0.1862557488731635,0.0,0.0,0.0,0.0,0.0,0.0,0.0,0.0,0.0,0.0,0.0,0.22369734825616494,0.0,0.13924045813153005,0.1350761041192588,0.0,0.0,0.0,0.0,0.0,0.0,0.0,0.0,0.0,0.0,8.2
Thomas Detry (26429471),thomas detry,7600,0.0,0.0,0.0,0.11826720155141927,0.1714735465816426,0.0,0.0,0.0,0.0,0.15686800787439384,0.17370402177064975,0.0,0.0,0.0,0.0,0.0,0.0,0.0,0.0,0.0,0.0,0.0,0.0,0.0,0.0,0.0,0.0,0.0,0.16205775314819795,0.0,8.2
Justin Rose (26429463),justin rose,7900,0.0,0.0,0.0,0.0,0.0,0.0,0.0,0.17567199974246717,0.13560895535498604,0.05481946511739569,0.0,0.11305525539557841,0.0,0.0,0.0,0.0,0.0,0.0,0.0,0.044304962151116886,0.0,0.0,0.0,0.0,0.0,0.0,0.0,0.0,0.0,0.0,8.2
Taylor Pendrith (26429461),taylor pendrith,8000,0.0,0.0,0.0,0.13480806890126815,0.0985480152768061,0.0,0.0,0.17112091166623744,0.08690433054439248,0.0,0.0,0.0,0.0,0.0,0.0,0.0,0.0,0.0,0.0,0.0,0.0,0.0,0.0,0.0,0.0,0.19950277996544147,0.0,0.0,0.0,0.0,8.2
Chris Kirk (26429474),chris kirk,7500,0.0,0.0,0.20932518709568307,0.05789303572447097,0.0,0.0,0.0,0.07008675637393767,0.0,0.11301243578047726,0.0,0.0,0.0,0.0,0.0,0.0,0.0,0.0,0.09890873922446618,0.0,0.0,0.0,0.0,0.0,0.0,0.0,0.0,0.0,0.0,0.0,8.2
Davis Riley (26429467),davis riley,7700,0.0,0.0,0.0,0.0,0.0,0.0,0.0,0.14199394797836726,0.12987899949491624,0.1577113842608153,0.0,0.0,0.0,0.0,0.0,0.0,0.11504435053174197,0.0,0.1219554357427884,0.0,0.0,0.0,0.0,0.0,0.0,0.0,0.0,0.0,0.0,0.0,8.2
David Lipsky (26429482),david lipsky,7300,0.0,0.0,0.1956735444590081,0.12901876532882103,0.0,0.0,0.0,0.0,0.13560895535498604,0.1602415134200797,0.0,0.0,0.0,0.0,0.0,0.0,0.12250092880694749,0.0,0.0,0.0,0.0,0.0,0.0,0.0,0.0,0.0,0.0,0.0,0.0,0.0,8.2
Jason Day (26429462),jason day,7900,0.0,0.0,0.0,0.1753331939083978,0.0,0.0,0.0,0.054613056914756625,0.12892400685157127,0.16277164257934412,0.0,0.0,0.0,0.0,0.0,0.0,0.0,0.0,0.16996938682262633,0.0,0.0,0.0,0.0,0.0,0.0,0.0,0.0,0.0,0.0,0.0,8.633333333333333
Denny McCarthy (26429465),denny mccarthy,7800,0.0,0.0,0.1292355502938565,0.056238948989486094,0.0,0.0,0.0,0.12834068374967808,0.11268913191470672,0.0,0.0,0.0,0.0,0.0,0.0,0.0,0.0,0.0,0.12099515672119163,0.0,0.0,0.0,0.0,0.0,0.0,0.0,0.0,0.0,0.0,0.0,8.633333333333333
J.T. Poston (26429460),j.t. poston,8000,0.0,0.0,0.16290960213098812,0.0,0.0,0.0,0.0,0.1520063417460726,0.0,0.06831348730013924,0.0,0.0,0.0,0.0,0.0,0.0,0.0,0.17035760390145946,0.1008292972676597,0.0,0.0,0.0,0.0,0.0,0.0,0.0,0.0,0.0,0.0,0.0,8.633333333333333
Adam Hadwin (26429458),adam hadwin,8200,0.0,0.0,0.0,0.17946841074586004,0.0,0.0,0.0,0.0,0.1556638008652305,0.1425306093052288,0.12502871896678636,0.0,0.0,0.0,0.0,0.0,0.0,0.0,0.1267568308507722,0.0,0.0,0.0,0.0,0.0,0.0,0.0,0.0,0.0,0.0,0.0,8.633333333333333
Wyndham Clark (26429459),wyndham clark,8100,0.0,0.0,0.0,0.0487955586820541,0.0,0.0,0.0,0.1911456992016482,0.12605902892153634,0.0,0.0,0.0,0.0,0.0,0.0,0.0,0.17363175126549948,0.0,0.13924045813153005,0.0,0.0,0.0,0.0,0.0,0.0,0.0,0.0,0.0,0.0,0.0,8.633333333333333
Patrick Rodgers (26429468),patrick rodgers,7700,0.0,0.0,0.0,0.15134893625111698,0.0,0.0,0.0,0.16110851789853206,0.1470688670751257,0.14168723291880733,0.0,0.0,0.0,0.0,0.0,0.0,0.15871859471508845,0.0,0.0,0.0,0.0,0.0,0.0,0.0,0.0,0.0,0.0,0.0,0.0,0.0,8.633333333333333
Kyoung-Hoon Lee (26429457),kyoung-hoon lee,8300,0.0,0.0,0.15653883556720646,0.0,0.0,0.0,0.0,0.0,0.0,0.13747035098669994,0.0,0.0,0.0,0.0,0.0,0.0,0.12250092880694749,0.2056336733962061,0.21222166377288373,0.0,0.0,0.0,0.0,0.0,0.0,0.0,0.0,0.0,0.0,0.0,8.933333333333334
Andrew Putnam (26429454),andrew putnam,8700,0.0,0.0,0.19931398249545473,0.0,0.0,0.0,0.0,0.15473699459181045,0.10504919076794694,0.12060282325827051,0.0,0.0,0.0,0.0,0.0,0.0,0.0,0.0,0.12771710987236895,0.0,0.0,0.0,0.0,0.0,0.0,0.0,0.0,0.0,0.0,0.0,8.933333333333334
Sahith Theegala (26429455),sahith theegala,8600,0.0,0.0,0.0,0.0,0.0,0.0,0.0,0.2139011395827968,0.14324889650174585,0.0,0.0,0.0,0.0,0.0,0.0,0.0,0.20771896623786748,0.14454584573457163,0.10947180846203053,0.0,0.0,0.0,0.0,0.0,0.0,0.0,0.0,0.0,0.0,0.0,8.933333333333334
Cameron Davis (26429453),cameron davis,8800,0.0,0.0,0.15744894507631815,0.14886780614863965,0.04730304733286692,0.0,0.0,0.0,0.0,0.0,0.0,0.0,0.0,0.0,0.0,0.0,0.1480663400362235,0.0,0.1613268756282555,0.0,0.0,0.0,0.0,0.0,0.0,0.0,0.0,0.0,0.0,0.0,9.200000000000001
Aaron Wise (26429451),aaron wise,9000,0.0,0.0,0.0,0.12488354849135881,0.0,0.0,0.0,0.0,0.137518940641676,0.16951865367071592,0.0,0.0,0.0,0.0,0.0,0.0,0.0,0.17724073941262955,0.17477078193061016,0.0,0.0,0.0,0.0,0.0,0.0,0.0,0.0,0.0,0.0,0.0,9.200000000000001
Taylor Montgomery (26429452),taylor montgomery,8900,0.0,0.0,0.16108938311276477,0.0,0.0,0.0,0.0,0.1829537406644347,0.10409419812460197,0.1754222883756662,0.0,0.0,0.0,0.0,0.0,0.0,0.0,0.0,0.16324743367144903,0.0,0.0,0.0,0.0,0.0,0.0,0.0,0.0,0.0,0.0,0.0,9.200000000000001
Brian Harman (26429448),brian harman,9300,0.0,0.0,0.14288719293053148,0.0,0.0,0.0,0.0,0.21754201004378057,0.0,0.21253084937821098,0.0,0.0,0.0,0.0,0.0,0.0,0.0,0.17638034747373327,0.13443906302354625,0.0,0.0,0.0,0.0,0.0,0.0,0.0,0.0,0.0,0.0,0.0,9.200000000000001
Tom Hoge (26429456),tom hoge,8400,0.0,0.0,0.13651642636674982,0.0,0.0,0.0,0.0,0.05370283929951068,0.0,0.062409852595188935,0.0,0.0,0.0,0.0,0.0,0.0,0.0,0.22628307992971636,0.15844603856346523,0.0,0.0,0.0,0.0,0.0,0.0,0.0,0.0,0.0,0.0,0.0,9.200000000000001
Sam Burns (26429447),sam burns,9400,0.0,0.0,0.0,0.0,0.0,0.0,0.0,0.0,0.0,0.0,0.14411707300751714,0.0,0.0,0.0,0.0,0.0,0.0,0.15056858930684547,0.16900910780102957,0.0,0.0,0.0,0.0,0.0,0.0,0.1658787159263221,0.0,0.1355902777777778,0.0,0.0,9.399999999999999
Xander Schauffele (26429443),xander schauffele,10000,0.0,0.0,0.0,0.0,0.0,0.0,0.0,0.0,0.0,0.0,0.0,0.0,0.0,0.0,0.0,0.0,0.18428400594436445,0.0,0.0,0.13075366878744252,0.0,0.0,0.0,0.0,0.0,0.21743561411963844,0.0,0.1871527777777778,0.18646404127292654,0.0,9.466666666666667
Sungjae Im (26429444),sungjae im,9800,0.0,0.0,0.04368525643735994,0.18360362758332224,0.0,0.0,0.0,0.0,0.0,0.0,0.0,0.0,0.0,0.0,0.0,0.0,0.1480663400362235,0.1927277943127622,0.1267568308507722,0.0,0.0,0.0,0.0,0.0,0.0,0.0,0.0,0.0,0.0,0.0,9.6
Tom Kim (26429446),tom kim,9500,0.0,0.0,0.04823580398291827,0.24645892351274787,0.0,0.0,0.0,0.0,0.0,0.0,0.0,0.0,0.0,0.0,0.0,0.0,0.14913156550410997,0.2228415121741313,0.15748575954186847,0.0,0.0,0.0,0.0,0.0,0.0,0.0,0.0,0.0,0.0,0.0,9.6
Cameron Young (26429450),cameron young,9100,0.0,0.0,0.0,0.0,0.0,0.0,0.0,0.0,0.0,0.0,0.0,0.0,0.0,0.0,0.0,0.0,0.12782705614637999,0.19875053788503602,0.1526843644338847,0.0,0.0,0.0,0.0,0.0,0.0,0.15803310098386092,0.0,0.17378472222222224,0.0,0.0,9.6
Will Zalatoris (26429445),will zalatoris,9600,0.0,0.0,0.0,0.0,0.0,0.0,0.0,0.0,0.0,0.0,0.0,0.15241523319996497,0.1476877599552806,0.0,0.0,0.0,0.0,0.1824030910460071,0.0,0.2636685552407932,0.0,0.0,0.0,0.0,0.0,0.08518096223243567,0.0,0.0,0.0,0.0,9.733333333333334
Tony Finau (26429441),tony finau,10200,0.0,0.0,0.0,0.0,0.0,0.0,0.0,0.0,0.24638810198300284,0.0700002400729822,0.0,0.0,0.0,0.0,0.0,0.0,0.0,0.20133171370172478,0.0,0.0,0.0,0.0,0.0,0.0,0.0,0.16812032019559672,0.0,0.15659722222222222,0.0,0.0,9.8
Patrick Cantlay (26429442),patrick cantlay,10100,0.0,0.0,0.0,0.23239918626537634,0.0,0.0,0.0,0.0,0.0,0.0,0.0,0.0,0.0,0.0,0.0,0.0,0.0,0.17896152329042203,0.0,0.12967305995448844,0.0,0.0,0.0,0.0,0.0,0.27011331444759207,0.0,0.1537326388888889,0.0,0.0,9.866666666666667
Scottie Scheffler (26429440),scottie scheffler,10500,0.0,0.0,0.0,0.0,0.0,0.0,0.0,0.0,0.14993384500516063,0.19144643971767417,0.0,0.0,0.0,0.0,0.0,0.0,0.0,0.20219210564062107,0.11619376161320784,0.0,0.0,0.0,0.0,0.0,0.0,0.0,0.0,0.1881076388888889,0.0,0.0,9.933333333333334
Jon Rahm (26429439),jon rahm,10800,0.0,0.0,0.0,0.0,0.0,0.0,0.0,0.0,0.0,0.0,0.0,0.0,0.0,0.0,0.0,0.0,0.0,0.2718838526912181,0.2131819427944805,0.20423506942831932,0.0,0.0,0.0,0.0,0.0,0.19838197783080413,0.0,0.1642361111111111,0.0,0.0,10.0
Kyle Stanley (26429588),kyle stanley,6000,0.0,0.0,0.051876242019364936,0.028119474494743047,0.03350632519411407,0.04372498763433608,0.04107142857142857,0.0,0.0,0.0,0.0,0.0,0.0,0.0,0.0,0.0,0.0,0.0,0.0,0.0,0.0,0.0,0.0,0.0,0.0,0.0,0.0,0.0,0.0,0.0,
Matthias Schmid (26429533),matthias schmid,6600,0.0,0.0,0.0,0.0,0.0,0.0,0.0,0.0,0.0,0.0,0.0,0.0,0.0,0.0,0.0,0.0,0.0,0.0,0.0,0.0,0.0,0.0,0.0,0.0,0.0,0.0,0.0,0.0,0.0,0.0,
Brian Gay (26429569),brian gay,6200,0.0,0.0,0.0,0.0,0.0,0.0,0.0,0.06735610352819983,0.0,0.0,0.0,0.0,0.037742427544127266,0.03973087818696884,0.0421607892937384,0.0,0.0,0.0,0.0,0.0,0.0,0.0,0.0,0.0,0.0,0.0,0.12946117348068875,0.0,0.0,0.0,
Paul Haley (26429562),paul haley,6200,0.0,0.0,0.0,0.0,0.0,0.0,0.0,0.0,0.0,0.0,0.0,0.0,0.0,0.0,0.0,0.0,0.0,0.0,0.0,0.0,0.0,0.0,0.0,0.0,0.0,0.0,0.0,0.0,0.0,0.0,
Nicolas Echavarria (26429568),nicolas echavarria,6200,0.0,0.0,0.0,0.0,0.05814332901331559,0.0,0.0,0.060984580221478235,0.041064683663833805,0.0,0.045812049697753786,0.0,0.0,0.0,0.0,0.0,0.0,0.0,0.0,0.0,0.0,0.0,0.0,0.0,0.0,0.0,0.0,0.0,0.0,0.0,
Augusto Nunez (26429564),augusto nunez,6200,0.0,0.0,0.0,0.0,0.0,0.0,0.0,0.0,0.0,0.0,0.0,0.0,0.0,0.0,0.0,0.0,0.0,0.0,0.0,0.0,0.0,0.0,0.0,0.0,0.0,0.0,0.0,0.0,0.0,0.0,
Seonghyeon Kim (26429485),seonghyeon kim,7300,0.0,0.0,0.1765612447676631,0.0,0.0,0.0,0.0,0.06007436260623229,0.09549926433449724,0.06578335814087483,0.0,0.0,0.0,0.0,0.0,0.0,0.0,0.0,0.1008292972676597,0.0,0.0,0.0,0.0,0.0,0.0,0.0,0.0,0.0,0.0,0.0,
Joel Dahmen (26429470),joel dahmen,7600,0.0,0.0,0.0,0.13977032910622278,0.0,0.0,0.0,0.19205591681689413,0.1470688670751257,0.20241033274115333,0.0,0.0,0.0,0.0,0.0,0.0,0.15339246737565598,0.0,0.0,0.0,0.0,0.0,0.0,0.0,0.0,0.0,0.0,0.0,0.0,0.0,
Si Woo Kim (26429449),si woo kim,9200,0.0,0.0,0.24390934844192635,0.19104701789075423,0.0,0.0,0.0,0.0,0.10886916134132683,0.0,0.0,0.0,0.0,0.0,0.0,0.0,0.12356615427483397,0.0,0.09698818118127266,0.0,0.0,0.0,0.0,0.0,0.0,0.0,0.0,0.0,0.0,0.0,
