course,adj_driving_distance,adj_sd_distance,adj_driving_accuracy,putt_sg,arg_sg,app_sg,ott_sg,par,yardage,yardage_4_5,yardage_3,adj_score_to_par,adj_par_3_score,adj_par_4_score,adj_par_5_score,fw_width,fw_diff,rgh_diff,non_rgh_diff,miss_fw_pen_frac,adj_gir,less_150_sg,greater_150_sg,arg_fairway_sg,arg_rough_sg,arg_bunker_sg,less_5_ft_sg,greater_5_less_15_sg,greater_15_sg,adj_penalties,adj_ob
Castle Pines Golf Club,323.2,19.3,0.6338,0.007,-0.041,-0.004,0.097,72,7981,511,208,0.38,0.09,0.13,-0.33,34.6,0.48,0.49,0.4,0.0617,0.6351,-0.078,0.03,0.003,-0.12,-0.017,0.005,-0.003,0.017,0.69,0.14
Ocean Course at Kiawah Island,293,17.9,0.5894,-0.005,-0.02,-0.056,-0.017,72,7671,489,207,2.57,0.29,0.21,-0.17,36.7,0.4,0.32,0.31,0.0616,0.532,-0.089,-0.044,-0.007,-0.04,-0.288,-0.007,-0.012,0.004,0.65,0.08
Torrey Pines South (U.S. Open),300.8,17.8,0.487,-0.014,-0.02,-0.027,-0.003,71,7635,490,194,2.57,0.18,0.2,-0.12,28.9,0.3,0.27,0.33,0.0111,0.5615,-0.049,-0.017,0.005,-0.034,-0.021,-0.005,-0.025,-0.019,0.15,0.01
Torrey Pines Golf Course (South Course),288.9,15.6,0.531,-0.02,0.007,0.003,-0.027,72,7584,486,194,1.13,0.09,0.17,-0.24,26.6,0.34,0.31,0.35,0.0171,0.6134,-0.006,0.007,0.027,-0.007,0.001,-0.012,-0.048,-0.009,0.19,0.02
Pinehurst Resort &amp; Country Club (Course No. 2),294.7,18.2,0.6685,-0.006,-0.087,-0.028,0.037,70,7513,480,201,3.09,0.25,0.2,-0.15,35,0.39,null,0.37,0.0042,0.5317,-0.045,-0.023,-0.112,null,-0.042,0.001,-0.011,-0.014,0.03,0.01
Quail Hollow Club (PGA Championship),290.5,19.1,0.5788,-0.017,-0.052,-0.013,0.013,71,7488,476,208,2.84,0.23,0.25,-0.26,31.4,0.44,0.37,0.41,0.0469,0.5345,-0.067,0.002,-0.05,-0.095,0.008,0,-0.038,-0.027,0.45,0.04
Crooked Stick GC,284.2,16.1,0.6167,0.007,0.002,0.022,-0.006,72,7474,478,195,-0.32,0.13,0.07,-0.38,35.2,0.33,0.22,0.37,0.0584,0.6416,0.014,0.025,0.008,-0.002,-0.002,0.006,0.012,0.004,0.51,0.07
Augusta National Golf Club,293.5,21.4,0.7093,-0.024,-0.08,-0.057,0.014,72,7470,481,182,2.12,0.18,0.24,-0.25,51.7,0.38,0.25,0.42,0.0254,0.5723,-0.077,-0.049,-0.105,-0.009,-0.028,-0.003,-0.032,-0.053,0.54,0.04
Medinah Country Club (No. 3),290.6,18.6,0.6228,0.009,0.033,0.021,0.016,72,7470,477,199,-1.16,0.05,0.01,-0.36,28.1,0.34,0.35,0.22,0.0147,0.6695,0.012,0.025,0.023,0.001,0.107,0.009,0.022,-0.001,0.24,0.04
Trump National Doral,285,19,0.5198,0.009,-0.009,-0.054,-0.046,72,7469,477,198,1.89,0.19,0.18,-0.17,35.9,0.36,0.29,0.32,0.0578,0.5948,-0.041,-0.06,0.018,-0.029,-0.006,0.007,0.015,0.006,0.92,0.15
Wilmington Country Club,303.3,21.4,0.4477,0.007,0.002,-0.002,0.019,71,7424,475,194,0.17,0.1,0.03,-0.19,27.8,0.27,0.29,0.32,0,0.6523,-0.015,0.009,-0.009,-0.024,0.05,-0.001,0.03,0.001,0.2,0.03
Caves Valley Golf Club,290.2,17,0.6509,0.011,0.008,0.059,0.042,72,7424,471,209,-1.9,0.04,-0.05,-0.39,33.1,0.28,0.2,0.22,0.0094,0.696,0.024,0.072,0.016,-0.017,0.03,0.003,0.014,0.022,0.25,0.02
Quail Hollow Club,297,20,0.538,-0.009,0.004,-0.022,0.024,71,7418,474,194,0.96,0.15,0.13,-0.31,31.3,0.33,0.21,0.34,0.0419,0.5924,-0.036,-0.017,-0.006,0.016,0.011,0.001,-0.017,-0.022,0.51,0.04
Southern Hills Country Club,299.5,21,0.6198,-0.009,-0.034,-0.036,0.032,70,7418,471,213,2.65,0.24,0.17,-0.15,44.2,0.28,0.25,0.23,0.0388,0.5363,-0.052,-0.027,-0.041,-0.04,-0.029,-0.005,-0.027,0,0.41,0.01
Congressional CC (Blue),288.1,17.1,0.5787,-0.008,0.026,0.041,0.015,71,7416,474,195,0.03,0,0.05,-0.19,26.7,0.31,0.26,0.5,0.0173,0.6881,0.053,0.036,0.03,0.029,0.017,0.001,-0.027,-0.008,0.39,0.02
Valhalla Golf Club,282.3,14.9,0.6607,0.002,-0.007,0.02,-0.009,71,7397,471,201,0.31,0.06,0.1,-0.33,39.2,0.37,0.32,0.34,0.0409,0.6197,0.003,0.026,-0.007,-0.022,0.009,-0.002,-0.002,0.013,0.39,0.02
Winged Foot GC,288.6,23,0.4631,-0.029,-0.072,-0.016,-0.069,70,7392,470,204,4.45,0.29,0.29,-0.11,31.9,0.3,0.35,0.41,0.0032,0.5063,-0.008,-0.018,-0.049,-0.115,-0.022,-0.015,-0.024,-0.058,0.05,0
Congaree Golf Club,301.2,20.9,0.7075,-0.005,-0.041,-0.009,0.066,71,7364,473,188,0.08,0.1,0.05,-0.29,51.4,0.35,0.3,0.42,0.0346,0.6449,-0.025,-0.001,-0.047,-0.03,-0.053,0,-0.001,-0.02,0.28,0.02
Shadow Creek Golf Course,296.2,18.1,0.5289,0.006,-0.077,0.007,0.006,72,7361,472,190,-0.09,0.1,0.07,-0.28,30.8,0.51,0.44,0.52,0.0411,0.63,0.002,0.01,-0.051,-0.091,-0.098,0.011,0.016,-0.015,0.52,0.14
Plantation Course at Kapalua,313.9,20.4,0.585,-0.006,0.011,0.016,0.087,73,7449,453,190,-2.34,0.05,-0.04,-0.51,46.2,0.36,0.14,0.43,0.0647,0.822,-0.003,0.03,0.004,0.027,0.011,0,-0.007,-0.015,0.39,0.08
The Summit Club,298.4,19.8,0.6491,0,0.048,0.085,0.056,72,7359,474,181,-3.05,-0.03,-0.09,-0.52,37,0.34,0.16,0.41,0.0543,0.7235,0.09,0.082,0.054,0.084,-0.009,0,-0.003,0.004,0.44,0.03
Muirfield Village Golf Club,286.4,17.1,0.6356,0,-0.053,-0.048,-0.013,72,7358,472,189,1.14,0.19,0.13,-0.23,33.8,0.47,0.43,0.38,0.0573,0.5802,-0.038,-0.053,-0.027,-0.085,-0.048,0.001,-0.001,0,0.7,0.06
Bethpage Black,287.7,17.2,0.5699,-0.01,-0.001,-0.027,-0.008,71,7355,469,196,2.11,0.16,0.18,-0.23,30.6,0.44,0.35,0.53,0.0059,0.5818,-0.023,-0.028,-0.009,0.002,-0.005,-0.003,-0.023,-0.012,0.08,0.03
Arnold Palmer's Bay Hill Club &amp; Lodge,281.3,18.4,0.6081,0,-0.002,-0.047,-0.033,72,7351,465,209,1.06,0.16,0.15,-0.29,34.3,0.4,0.35,0.28,0.0574,0.5745,-0.048,-0.047,0.005,-0.062,0.017,0.001,0.004,-0.006,0.67,0.14
Oak Hill Country Club,288.5,20.6,0.4525,-0.005,-0.042,-0.015,-0.072,70,7339,469,196,2.86,0.16,0.19,-0.03,28,0.37,0.33,0.57,0.0358,0.5652,-0.001,-0.022,0.007,-0.082,-0.053,-0.004,-0.018,0.003,0.34,0.02
Firestone CC (South),298.8,22.1,0.4636,0.002,-0.005,-0.014,0.012,70,7337,467,200,1.48,0.09,0.12,-0.18,23.5,0.37,0.35,0.43,0.0013,0.5544,-0.041,0.005,-0.007,-0.002,-0.005,0.002,0.005,-0.001,0.15,0.03
The Los Angeles Country Club (North Course),294.8,19.7,0.6615,-0.015,-0.023,0.01,0.033,70,7335,482,213,1.9,0.17,0.15,-0.17,43,0.51,0.48,0.6,0.0097,0.6078,-0.04,0.035,-0.023,-0.05,-0.114,-0.001,-0.029,-0.026,0.08,0.02
The Concession Golf Club,285.8,18,0.6994,0.001,-0.03,-0.002,-0.029,72,7327,465,204,0.22,0.15,0.07,-0.28,50.3,0.45,0.13,0.3,0.1041,0.6333,-0.02,0.006,-0.072,0.067,0,0.007,0.006,-0.013,0.77,0.22
Vidanta Vallarta,298.9,17.4,0.6459,0.005,0.055,0.018,0.028,71,7325,494,181,-1.28,0.02,0.03,-0.41,41,0.32,0.2,0.41,0.0677,0.6741,0.044,0.01,0.036,0.084,0.028,0.001,0.007,0.01,0.56,0.05
Detroit Golf Club,296.5,19.8,0.659,-0.005,0.013,0.028,0.043,72,7324,471,183,-1.89,0.01,-0.04,-0.39,35.8,0.3,0.28,0.37,0.009,0.7297,0.003,0.048,0.032,-0.009,0.015,-0.003,-0.012,-0.004,0.09,0.03
TPC San Antonio (Oaks Course),290.4,18.9,0.5533,-0.002,-0.001,-0.03,-0.022,72,7324,469,188,0.39,0.07,0.09,-0.2,30.9,0.31,0.11,0.48,0.0232,0.5938,-0.039,-0.024,-0.006,0.052,-0.049,0.002,0.004,-0.013,0.27,0.05
Royal Troon,276.8,23.7,0.5496,0.001,0.003,-0.058,-0.115,71,7323,468,193,3.01,0.22,0.19,0.01,33,0.48,0.2,0.49,0.0638,0.5285,-0.061,-0.056,0.036,0.017,-0.149,-0.007,-0.006,0.019,0.41,0.19
Golf Club of Houston,280.5,16.6,0.6321,0.01,0.039,0.015,-0.049,72,7319,468,192,-0.51,0.05,0.04,-0.27,32.9,0.32,0.14,0.36,0.0987,0.6954,0.035,0.004,0.034,0.072,0.022,0.006,0.015,0.013,0.84,0.07
Albany GC,301.2,17.5,0.683,0.014,-0.032,0.003,0.025,72,7313,490,188,-1.07,0.02,0.02,-0.26,39.1,0.51,0.22,0.35,0.092,0.6135,0.002,0.003,-0.047,-0.018,-0.066,-0.014,0.044,0.033,0.68,0.19
Whistling Straits,283.7,17.5,0.5997,0.009,-0.074,-0.028,0.006,72,7313,467,192,1.03,0.12,0.16,-0.26,29.6,0.41,0.4,0.55,0.0196,0.6018,-0.075,0.002,-0.018,-0.074,-0.241,0.005,0.034,-0.007,0.26,0.03
Muirfield Village Golf Club (Workday),292.2,19.4,0.5903,0.003,-0.052,-0.018,-0.007,72,7311,470,187,0.07,0.16,0.05,-0.27,32.9,0.45,0.38,0.38,0.0706,0.6304,0.001,-0.029,-0.028,-0.069,-0.058,0,0.008,0.004,0.8,0.07
TPC Louisiana,275.4,16,0.69,0.009,0.015,0.054,0.002,72,7293,463,203,-1.62,0.06,-0.05,-0.35,34.7,0.29,0.2,0.28,0.0515,0.7041,0.043,0.06,0.007,0.082,0.015,0,0.021,0.015,0.43,0.05
Eagle Point Golf Club,284.8,16.6,0.6022,-0.002,0.002,-0.053,-0.013,72,7291,470,176,0.7,0.11,0.07,-0.11,33,0.25,0.13,0.36,0.0305,0.6056,-0.038,-0.062,0.014,0.012,-0.063,0.001,0.014,-0.02,0.47,0.01
Ridgewood CC,280.2,16.8,0.6264,0.008,-0.023,0.026,-0.03,71,7290,467,190,0.09,0.01,0.06,-0.21,32.6,0.33,0.31,0.41,0.0104,0.6491,0.003,0.035,0,-0.059,-0.008,0.004,0.017,0.006,0.11,0.03
Club de Golf Chapultepec,299.7,27.5,0.5711,-0.024,0.006,0.006,0.061,71,7287,464,197,0.43,0.18,0.05,-0.27,31,0.34,0.34,0.6,0.0152,0.6326,-0.052,0.036,0.006,0.034,-0.078,-0.013,-0.036,-0.032,0.32,0.08
Olympia Fields Country Club (North Course),293.6,20.9,0.5079,-0.004,-0.007,-0.004,-0.031,70,7283,464,196,1.54,0.11,0.12,-0.16,26.4,0.38,0.36,0.34,0.0238,0.6046,-0.035,0.016,0.007,-0.048,0.035,0.001,-0.006,-0.01,0.24,0.04
Baltusrol GC,280.6,18.2,0.5881,-0.005,0.018,0.048,-0.022,70,7282,461,207,0.88,0.06,0.09,-0.25,30.2,0.36,0.33,0.41,0.0336,0.6803,0.009,0.064,0.018,-0.027,0.05,-0.002,-0.021,0.002,0.22,0.02
East Lake Golf Club,290.9,16.3,0.54,0.012,0.004,0.017,-0.002,70,7280,461,205,0.57,0.13,0.08,-0.46,24.4,0.46,0.42,0.45,0.0183,0.6135,0.018,0.017,0.014,-0.023,0.031,0.01,0.022,0.008,0.26,0.04
TPC Scottsdale (Stadium Course),299.2,17.8,0.5616,0.006,-0.006,-0.001,0.016,71,7274,467,183,-0.3,0.05,0.05,-0.35,31.6,0.35,0.18,0.37,0.0785,0.6595,-0.006,0.001,-0.016,0.037,-0.017,0.002,0.008,0.01,0.64,0.05
Royal Liverpool,275.7,22.1,0.522,0.014,-0.037,-0.037,-0.111,71,7273,467,182,1.87,0.12,0.18,-0.21,30,0.42,0.25,0.67,0.0373,0.5724,-0.078,-0.022,0,-0.029,-0.182,0.001,0.025,0.028,0.31,0.19
TPC Craig Ranch (Par 71),294.9,15.6,0.624,0.016,0.062,0.059,0.038,71,7268,463,196,-2.65,-0.01,-0.09,-0.55,37.1,0.34,0.21,0.46,0.0285,0.7169,0.057,0.06,0.07,0.084,0,0.006,0.028,0.025,0.19,0.01
Robert Trent Jones GC,285.6,17.6,0.6464,-0.004,-0.026,0.046,0.033,71,7265,465,187,-0.82,0.01,0,-0.29,29.9,0.31,0.26,0.4,0.0439,0.714,0.036,0.051,-0.021,-0.015,-0.037,0.005,-0.011,-0.012,0.39,0.01
East Lake Golf Club (Par 71),303,16.4,0.5603,0.031,-0.017,-0.026,0.054,71,7253,464,189,-1.05,0.04,0.03,-0.5,30.1,0.52,0.51,0.56,0.0049,0.623,-0.022,-0.029,0,-0.074,-0.012,0.007,0.085,0.017,0.17,0.03
TPC Craig Ranch,293.7,16.4,0.6408,0.009,0.047,0.046,0.032,72,7250,465,190,-2.76,0.01,-0.08,-0.51,38.5,0.36,0.23,0.47,0.0268,0.7074,0.02,0.058,0.046,0.06,0.032,0.003,0.013,0.019,0.19,0.01
Bellerive CC,284.9,18.6,0.6484,0.004,0.004,0.033,0.003,70,7248,462,195,0.42,0.08,0.05,-0.27,34.6,0.41,0.4,0.36,0.0527,0.65,0.032,0.034,0.015,-0.039,0.019,-0.002,0.013,0.004,0.44,0.01
St. Andrews Links (Old Course),302.7,25.5,0.6402,0.003,-0.115,-0.057,0.07,72,7247,430,184,-0.29,0.16,0,-0.33,71.9,0.33,0.21,0.83,0.0297,0.7752,-0.066,-0.047,-0.108,-0.004,-0.348,-0.003,0.061,-0.027,0.24,0.07
Glen Oaks Club,285.9,19.2,0.6488,-0.013,-0.019,-0.001,0.021,70,7246,460,201,1.61,0.14,0.13,-0.23,37,0.34,0.3,0.39,0.0264,0.6293,-0.034,0.018,-0.009,-0.073,-0.009,-0.004,-0.012,-0.029,0.28,0.04
The Riviera Country Club,286.6,19.7,0.5166,-0.017,0.009,0.007,-0.029,71,7245,463,191,0.59,0.09,0.13,-0.42,34,0.24,0.15,0.45,0.0064,0.5555,-0.006,0.012,0.004,0.048,-0.059,-0.011,-0.035,-0.011,0.08,0.04
Oakdale Golf &amp; Country Club,282.4,19.2,0.5556,0.004,-0.009,0.001,-0.035,72,7231,445,188,-0.76,-0.02,0.03,-0.37,29.8,0.43,0.42,0.37,0.0121,0.6374,0.017,-0.012,0.019,-0.054,0.036,-0.001,0.003,0.014,0.08,0
TPC Twin Cities,292.8,16.6,0.6363,0.013,0.013,0.019,0.007,71,7216,462,191,-1.08,0,0,-0.37,35.3,0.4,0.25,0.43,0.0749,0.716,0.028,0.013,0.024,0.013,-0.034,0.004,0.012,0.028,0.72,0.12
The Country Club of Jackson,288.5,17.9,0.5448,0.002,0.02,0.015,0.003,72,7214,462,186,-1.57,0,-0.04,-0.31,28.9,0.29,0.26,0.38,0.0184,0.7015,0.026,0.008,0.007,0.028,0.047,0,0,0.008,0.24,0.01
Black Desert Resort,301.1,20.4,0.8603,-0.015,0.001,0.045,0.128,71,7205,467,167,-2.42,-0.09,-0.06,-0.47,49.4,0.49,0.2,0.43,0.1699,0.7736,0.009,0.061,-0.01,0.052,-0.018,-0.006,-0.033,-0.014,0.57,0.21
Liberty National Golf Club,286.4,17.2,0.6609,0.008,0.019,0.015,-0.023,71,7201,460,190,-0.3,0.05,0.07,-0.43,36.8,0.47,0.2,0.46,0.1028,0.6086,0.008,0.018,0.006,-0.016,0.053,0.005,0.015,0.008,0.76,0.07
Glen Abbey GC,299.9,19.4,0.5168,0.007,0.006,-0.047,0.032,72,7197,466,168,-1.05,0.06,0.05,-0.44,31.3,0.31,0.25,0.32,0.0241,0.6294,-0.01,-0.074,0.016,0.02,-0.023,0.005,0.016,0.001,0.46,0.04
TPC Harding Park,288.2,19.5,0.5001,0.009,-0.014,-0.004,-0.009,70,7180,457,197,1.03,0.12,0.11,-0.38,28.7,0.34,0.34,0.22,0.0126,0.5909,-0.03,0.007,0.004,-0.048,-0.019,0.005,0.032,-0.002,0.11,0.06
Le Golf National,276.7,16.2,0.6226,0.013,-0.007,0.022,-0.042,71,7162,459,183,-0.68,0,0.05,-0.41,30,0.42,0.28,0.52,0.0751,0.6911,0.015,0.025,0.002,-0.036,0.017,0,0.019,0.03,0.84,0.07
Pete Dye Stadium Course,281.8,16.7,0.5965,0.01,0.041,0.006,-0.02,72,7149,457,187,-1.59,0.09,-0.06,-0.34,33.8,0.29,0.17,0.45,0.0438,0.6735,0.046,-0.019,0.043,0.079,-0.147,0.004,0.017,0.016,0.74,0.13
Keene Trace Golf Club (Champion Trace),295.9,18.5,0.619,0.002,0.019,0.037,0.038,72,7148,457,189,-3.19,-0.03,-0.07,-0.59,34.6,0.33,0.24,0.47,0.0447,0.7427,0.046,0.032,0.028,0.018,-0.002,0.002,0.004,0.001,0.42,0.1
TPC Boston,283.2,15.3,0.6299,0.001,-0.013,-0.005,0.012,71,7144,454,197,0.1,0.11,0.03,-0.24,35.9,0.34,0.22,0.48,0.0195,0.635,-0.009,-0.004,-0.022,-0.018,-0.016,0,0.002,0.002,0.38,0.02
TPC Deere Run,290.7,18.1,0.6938,0.012,-0.006,0.027,0.045,71,7125,456,186,-1.84,-0.04,-0.05,-0.38,38.2,0.4,0.4,0.38,0.0261,0.7238,0.027,0.027,-0.019,-0.007,0.026,0.004,0.023,0.014,0.25,0.01
TPC Sawgrass (THE PLAYERS Stadium Course),281.5,18.4,0.5996,-0.005,-0.034,-0.044,-0.045,72,7122,459,178,0.68,0.15,0.13,-0.3,30.7,0.44,0.34,0.4,0.0572,0.6282,-0.067,-0.029,-0.029,-0.055,-0.04,0,-0.004,-0.014,0.73,0.1
The Dunes Golf and Beach Club,290.5,19.5,0.583,0.004,0.039,0.02,-0.004,71,7121,455,189,-1.72,0.02,-0.03,-0.51,32.9,0.27,0.2,0.42,0.009,0.704,0.04,0.007,0.015,0.065,0.025,0.002,0.014,0.001,0.12,0
Trinity Forest Golf Club,287.3,18.4,0.816,-0.003,-0.008,0.042,0.059,71,7120,457,178,-1.8,-0.02,-0.02,-0.49,59.9,0.38,0.21,0.45,0.0427,0.7615,0.027,0.048,-0.012,0.026,-0.023,-0.003,-0.011,0.005,0.14,0.02
The Old White TPC,291.1,18.8,0.6592,0.005,0.008,0.044,0.029,70,7113,451,198,-0.83,0.05,-0.03,-0.34,36.6,0.34,0.25,0.5,0.0461,0.6983,0.034,0.052,0.031,-0.006,-0.025,0.004,0.002,0.008,0.24,0.07
Memorial Park Golf Course,292.7,16.9,0.5559,-0.002,-0.033,-0.006,0.012,70,7099,479,177,0.67,0.08,0.09,-0.22,31.8,0.28,0.24,0.32,0.0212,0.6248,-0.02,0.001,-0.049,-0.023,0.03,0,-0.008,0.002,0.36,0.02
RTJ Trail (Grand National),282.9,17,0.6688,-0.006,0.03,0.058,0.037,71,7095,453,190,-2.13,0.01,-0.06,-0.51,37.5,0.36,0.34,0.45,0.0136,0.7379,0.093,0.041,-0.029,0.064,0.091,0.001,-0.008,-0.017,0.19,0.03
The Renaissance Club,293.1,20.1,0.5298,-0.014,0.071,0.005,-0.016,70,7093,478,178,0.18,0.06,0.09,-0.32,32.2,0.28,0.21,0.59,0.0079,0.6464,-0.004,0.009,0.064,0.1,-0.02,-0.022,-0.029,0.012,0.05,0.01
Silverado Resort (North Course),287.4,21.2,0.5099,-0.003,-0.015,-0.003,-0.011,72,7092,452,190,-0.99,0.08,0,-0.32,26.3,0.32,0.26,0.44,0.018,0.687,0.001,-0.007,-0.019,-0.022,0.003,-0.001,-0.006,-0.005,0.17,0.08
TPC Southwind,290.4,17.5,0.5593,0.008,0.006,-0.01,-0.003,70,7091,456,175,0.13,0.04,0.06,-0.4,29.2,0.42,0.35,0.42,0.0423,0.6023,0.004,-0.017,0.003,-0.007,0.031,0.003,0.017,0.007,0.67,0.06
Innisbrook Resort (Copperhead Course),277.1,17.2,0.5674,-0.003,0.021,-0.025,-0.064,71,7080,469,198,0.67,0.12,0.11,-0.23,27.7,0.35,0.23,0.52,0.022,0.5719,-0.03,-0.022,0.028,0.02,0.007,0,-0.01,-0.005,0.19,0.02
TPC Summerlin,299.9,20,0.6094,0.005,-0.048,0.013,0.053,71,7073,450,191,-1.49,0.05,-0.03,-0.46,34.5,0.38,0.32,0.47,0.0215,0.7238,0.004,0.019,-0.056,-0.037,-0.037,0.002,0.01,0.005,0.38,0.04
TPC Potomac at Avenel Farm,280.7,18.1,0.5972,0.003,-0.014,0,-0.038,70,7069,451,190,0.93,0.07,0.08,-0.13,31.4,0.47,0.31,0.57,0.0676,0.614,0.01,-0.003,0.024,-0.029,-0.061,0.003,0.005,0.004,0.52,0.06
PGA National Resort (The Champion - Par 71),279.6,16,0.6534,0.006,0.029,-0.018,-0.023,71,7066,451,185,-0.82,0.16,0.01,-0.53,33.1,0.28,0.14,0.31,0.052,0.7014,-0.002,-0.027,0.034,0.069,-0.001,0.001,0.016,0.006,0.65,0.02
Royal Montreal GC (Blue),280.5,17.2,0.6313,0.005,0.054,0.005,-0.005,70,7050,453,178,-0.32,-0.01,0.04,-0.37,34.1,0.31,0.24,0.4,0.0408,0.6167,0.011,0.002,0.019,0.056,0.087,-0.002,0.013,0.01,0.22,0
Aronimink GC,286.3,16.5,0.6825,0.01,-0.014,0.042,0.035,70,7036,446,199,-1.14,0.04,-0.03,-0.46,39.7,0.32,0.26,0.33,0.0044,0.7424,0.017,0.063,-0.029,-0.027,0.027,0.004,0.026,0.008,0.11,0.02
ACCORDIA GOLF Narashino Country Club,287,18.1,0.5476,0.013,0.001,0.055,-0.014,70,7032,476,169,-1.28,-0.12,0.04,-0.35,30,0.36,0.33,0.43,0.0306,0.6979,0.038,0.066,-0.037,0.016,0.018,-0.008,0.051,0.011,0.26,0.03
Waialae Country Club,291,21.1,0.5655,0.003,0.036,0.035,0.012,70,7023,449,185,-1.23,0.03,0,-0.66,34.9,0.32,0.29,0.26,0.0363,0.6952,0.044,0.03,0.033,0.023,0.045,0,0.003,0.007,0.24,0.05
PGA National Resort (The Champion),277.1,16.3,0.6025,0.004,0.019,-0.054,-0.041,70,7020,448,187,1.41,0.19,0.11,-0.35,29.5,0.34,0.24,0.37,0.0451,0.5985,-0.021,-0.07,-0.001,0.064,0.016,-0.001,0.006,0.01,0.73,0.06
St. George's G&amp;CC,293.2,18.9,0.6188,-0.007,-0.019,-0.011,0.019,70,7006,464,196,0.3,0.04,0.11,-0.34,31.3,0.45,0.43,0.64,0.0162,0.6171,-0.017,-0.009,0.012,-0.033,-0.074,-0.004,-0.024,0.004,0.08,0.03
Colonial Country Club,281.1,19.4,0.5522,0.004,0.026,-0.015,-0.045,70,7005,445,193,0.63,0.08,0.06,-0.23,27.9,0.36,0.35,0.34,0.017,0.614,-0.028,-0.007,0.002,0.032,0.048,0.002,0.003,0.007,0.31,0.03
Pebble Beach Golf Links (U.S. Open),270.2,17.9,0.6493,-0.001,-0.048,-0.047,-0.048,71,7003,450,176,1.61,0.11,0.15,-0.16,34.9,0.42,0.34,0.49,0.0395,0.5595,-0.04,-0.052,-0.006,-0.073,-0.046,0.004,0.001,-0.014,0.36,0.09
Conway Farms GC,281,19.9,0.5999,0.005,0.005,0.011,0.012,71,6987,445,191,-0.81,0.11,-0.02,-0.34,30.4,0.31,0.26,0.38,0.0321,0.6321,0.013,0.01,0.013,0.013,-0.047,0.004,0.008,0.005,0.38,0.07
Sherwood Country Club,276.3,17.5,0.7204,0.017,0.021,0.007,-0.034,72,6986,464,192,-2.11,0.05,-0.04,-0.4,35.9,0.57,0.47,0.7,0.0632,0.6761,0.029,0,0.034,0.008,0.008,0.008,0.041,0.012,0.48,0.11
TPC Four Seasons Resort,284.9,17.9,0.5711,0,-0.006,0.016,-0.014,70,6978,446,183,-0.01,0.02,0.06,-0.4,30.2,0.36,0.27,0.36,0.0608,0.6267,0.001,0.025,-0.026,0.026,0.035,-0.005,-0.001,0.011,0.41,0.07
Harbour Town Golf Links,275.6,19.5,0.6162,-0.002,0.044,-0.026,-0.053,71,6971,446,183,-0.15,0.12,0.04,-0.34,32.5,0.26,0.14,0.35,0.0339,0.6005,0.008,-0.044,0.036,0.08,0.016,0,-0.011,0.003,0.48,0.09
Sedgefield Country Club,285.7,18.3,0.6199,-0.008,-0.037,0.07,0.02,70,6957,442,192,-1.19,-0.02,0,-0.57,29.5,0.41,0.32,0.67,0.0478,0.736,0.058,0.078,-0.035,-0.072,0.026,0.002,-0.014,-0.019,0.29,0.13
Hamilton Golf &amp; Country Club,289.7,17.8,0.5562,-0.01,0.002,0.009,0.006,70,6925,437,204,-0.3,0.1,0.02,-0.46,33.2,0.4,0.33,0.55,0.0193,0.667,0.006,0.011,-0.003,-0.029,0.039,-0.005,-0.021,-0.011,0.09,0.01
Austin Country Club,300.8,21.4,0.5859,0.005,0.016,0.012,0.035,71,6899,449,179,-2.09,0,-0.07,-0.52,33.3,0.29,0.16,0.37,0.0518,0.7087,0,0.021,0.013,0.024,0.011,0.002,0.018,-0.001,0.59,0.06
Pebble Beach Golf Links,272.2,17.8,0.694,-0.017,0.027,-0.04,-0.025,72,6888,443,171,-0.61,0.05,0.03,-0.28,40.6,0.33,0.17,0.42,0.0493,0.6568,-0.034,-0.044,0.038,0.048,-0.023,-0.011,-0.039,-0.006,0.34,0.09
Sea Island Golf Club (Seaside Course),280.7,15.8,0.705,0.005,0.026,0.023,-0.005,70,6880,436,195,-1.11,0,-0.02,-0.42,42.3,0.39,0.17,0.39,0.1035,0.7416,0.011,0.03,0.016,0.048,0.054,0.003,0.011,0.003,0.45,0.06
PGA West (Palmer),277.8,15,0.6311,-0.001,0.045,-0.021,-0.012,72,6844,460,173,-1.98,0.03,0.05,-0.51,34.9,0.28,0.14,0.4,0.0827,0.6639,0.006,-0.035,0.025,0.081,-0.016,0,-0.004,0.002,0.75,0.13
Plainfield CC,282.2,21.7,0.5511,-0.013,-0.036,-0.014,-0.015,70,6829,438,175,1.05,0.07,0.1,-0.21,32.9,0.4,0.34,0.54,0.0114,0.6434,-0.022,-0.007,-0.018,-0.056,-0.05,-0.001,-0.03,-0.017,0.3,0.08
TPC River Highlands,284.4,18.9,0.6484,0.003,-0.055,0.016,-0.004,70,6799,432,188,-0.59,0.02,-0.01,-0.29,37.2,0.42,0.3,0.36,0.0774,0.6916,0.007,0.023,-0.065,-0.051,-0.033,0.002,0.002,0.005,0.49,0.08